a,b,lambda1,lambda2,lambda3,lambda4
0.500, 0.025, 17513.390254340316, 19880.46147094492, 21682.355892223928, 23441.024433636667
0.500, 0.030, 12329.267739661569, 14215.409276366929, 15667.939466694335, 17095.340323719163
0.500, 0.035, 9176.6832128752158, 10735.817919709021, 11949.442850929061, 13149.711029876027
0.500, 0.040, 7114.0027214540023, 8437.8445636388024, 9478.6524424038016, 10514.223147257062
0.500, 0.045, 5688.946371635071, 6836.2084743593941, 7746.6643168227483, 8657.7389503658396
0.500, 0.050, 4662.093416192627, 5672.4455135629869, 6481.3485285643483, 7295.2384384410025
0.500, 0.055, 3896.9410229759924, 4798.3515094609975, 5526.0719384282293, 6262.1315765931367
0.500, 0.060, 3310.9880321864216, 4123.8538802169815, 4785.29858022809, 5457.7130220353938
0.500, 0.065, 2851.9458517336038, 3591.5693445617926, 4197.9535659996582, 4817.4141711722414
0.500, 0.070, 2485.3580692282253, 3163.4883604609886, 3723.450282676979, 4298.2032152200363
0.500, 0.075, 2187.7543207775916, 2813.5958048017173, 3333.9208173944558, 3870.453955353642
0.500, 0.080, 1942.6941845971037, 2523.5816793187537, 3009.6914159756975, 3513.1963347848587
0.500, 0.085, 1738.3778050871304, 2280.2443726495358, 2736.5351019811869, 3211.2279957976243
0.500, 0.090, 1566.1568491907788, 2073.8633156662281, 2503.9469230318114, 2953.2957107915654
0.500, 0.095, 1419.5705308694439, 1897.1472131783289, 2304.0245668841999, 2730.9152922466469
0.500, 0.100, 1293.7145918772574, 1744.536678833869, 2130.726995831099, 2537.5855247528266
0.500, 0.105, 1184.8095405527949, 1611.7301375593343, 1979.3674122137033, 2368.2516626015804
0.500, 0.110, 1089.9030880615533, 1495.3552881171686, 1846.2615395157829, 2218.9322655220744
0.500, 0.115, 1006.664786813813, 1392.7366451647308, 1728.4803742835234, 2086.4541371111718
0.500, 0.120, 933.23062797549369, 1301.7285654453283, 1623.6680430474737, 1968.2609784627832
0.500, 0.125, 868.09752647924915, 1220.5932976869265, 1529.912431928879, 1862.2734606231795
0.500, 0.130, 810.04147007567985, 1147.910699781818, 1445.6471371559451, 1766.7850230669692
0.500, 0.135, 758.05740449810389, 1082.5105584009477, 1369.5783907714256, 1680.3835428874231
0.500, 0.140, 711.31429783994383, 1023.4211865325173, 1300.629796751748, 1601.89168935662
0.500, 0.145, 669.11889389619489, 969.83006982683048, 1237.8988352052395, 1530.3210187889349
0.500, 0.150, 630.88984350419958, 921.05326722550456, 1180.6242395927572, 1464.8362436186335
0.500, 0.155, 596.13693321803714, 876.51160589278425, 1128.1602347104656, 1404.727324037013
0.500, 0.160, 564.44367511981545, 835.71179029151813, 1079.9553929850119, 1349.3871695614798
0.500, 0.165, 535.45452560791603, 798.23146026181621, 1035.5365296816237, 1298.2940969052838
0.500, 0.170, 508.86484896559978, 763.70716968848762, 994.49580876165214, 1250.9975185328994
0.500, 0.175, 484.41187389485589, 731.82471653609764, 956.47976475810935, 1207.1065196376178
0.500, 0.180, 461.86819518977677, 702.31126044233088, 921.18086720302063, 1166.2804378445746
0.500, 0.185, 441.0360851364037, 674.9289061456617, 888.33036744885919, 1128.2211977500499
0.500, 0.190, 421.74306253767969, 649.46940769642686, 857.69258913004649, 1092.6669938801533
0.500, 0.195, 403.83800742911558, 625.74980150806448, 829.06000223029298, 1059.3870117651095
0.500, 0.200, 387.18809083483569, 603.60877995316491, 802.24927424325597, 1028.1770786463323
0.500, 0.205, 371.67613074819423, 582.90364471210933, 777.09786036202331, 998.85597814948346
0.500, 0.210, 357.19843481376995, 563.50776617566635, 753.46120428914139, 971.26237548086124
0.500, 0.215, 343.66299541295007, 545.3084396831639, 731.21038534757383, 945.25221813316068
0.500, 0.220, 330.98787266370397, 528.20506515184468, 710.23003211659, 920.69651143370743
0.500, 0.225, 319.09995783540592, 512.10760122117972, 690.4166636933162, 897.47941970635407
0.500, 0.230, 307.93385294745678, 496.93525406546655, 671.67724623639106, 875.49670438983173
0.500, 0.235, 297.43082538544309, 482.61533746363949, 653.92781191744018, 854.65427381735071
0.500, 0.240, 287.53811930696645, 469.08232083554327, 637.0925349959814, 834.86704963738293
0.500, 0.245, 278.20812785705959, 456.27697223481852, 621.10264291041642, 816.05788432351881
0.500, 0.250, 269.3978818328398, 444.14564873838077, 605.89572961651163, 798.15671057427176
0.500, 0.255, 261.06845655680337, 432.63966526924389, 591.41496386793312, 781.09973192097868
0.500, 0.260, 253.18456292450389, 421.71474535096547, 577.60854572075834, 764.82877478852174
0.500, 0.265, 245.71411947336566, 411.33054858606698, 564.42912219114271, 749.29066435609229
0.500, 0.270, 238.6279138208526, 401.45025117982647, 551.83334048536074, 734.43672538511737
0.500, 0.275, 231.89930108957086, 392.04017936899555, 539.78143584600593, 720.22231522872107
0.500, 0.280, 225.50393163779583, 383.06948731774793, 528.23686480639196, 706.60642027531105
0.500, 0.285, 219.41951972467189, 374.50987688333629, 517.16600250389797, 693.55131684903495
0.500, 0.290, 213.62563265220916, 366.33533848635625, 506.53784311774376, 681.0222292727002
0.500, 0.295, 208.10351052648821, 358.5219400592452, 496.32376508072764, 668.98706384831939
0.500, 0.300, 202.83589640031315, 351.04761539953694, 486.49730788680159, 657.41616995659774
0.550, 0.025, 17515.57838919777, 19876.3662993135, 21688.463962052461, 23434.079992089246
0.550, 0.030, 12331.036882986617, 14212.209845761625, 15672.827988405943, 17089.852800014003
0.550, 0.035, 9178.1677997292445, 10733.225198477396, 11953.506943128928, 13145.208420420111
0.550, 0.040, 7115.2807172213006, 8435.6874659110308, 9482.1272058608083, 10510.425941124124
0.550, 0.045, 5690.0705231075017, 6834.3769089241687, 7749.6999889812914, 8654.4660094647734
0.550, 0.050, 4663.0972645253623, 5670.8655421902949, 6484.0461114791233, 7292.3690346925368
0.550, 0.055, 3897.8492642975757, 4796.9709063686932, 5528.5025069512321, 6259.5792716601663
0.550, 0.060, 3311.8169324569785, 4122.6348569384254, 4787.5135306842922, 5455.4154614484332
0.550, 0.065, 2852.7108649006345, 3590.4834447162903, 4199.9923215718118, 4815.3240355292492
0.550, 0.070, 2486.0678473903204, 3162.5138215325746, 3725.3420387470696, 4296.2841239094678
0.550, 0.075, 2188.4176988642116, 2812.7156996870781, 3335.6891976754923, 3868.6773768193798
0.550, 0.080, 1943.3169620464339, 2522.7823858387178, 3011.3546655135574, 3511.5390736861241
0.550, 0.085, 1738.9662128469859, 2279.5150248107047, 2738.1087044797587, 3209.6713841635378
0.550, 0.090, 1566.7142889260469, 2073.1948802112588, 2505.4427148895161, 2951.8240300069333
0.550, 0.095, 1420.1006686437556, 1896.5323024450754, 2305.4528069115877, 2729.515409135382
0.550, 0.100, 1294.2201828675913, 1743.9690626940162, 2132.0960517281433, 2536.2461008510982
0.550, 0.105, 1185.2926000445536, 1611.2045786271292, 1980.6842853532628, 2366.9629310737091
0.550, 0.110, 1090.3671471787634, 1494.8673295967101, 1847.53305390677, 2217.6857490255034
0.550, 0.115, 1007.1106643819819, 1392.2824277690186, 1729.7112946722962, 2085.2420718960402
0.550, 0.120, 933.66005711428613, 1301.3047636441536, 1624.8630304660451, 1967.0764565349305
0.550, 0.125, 868.51182377687223, 1220.1970091670985, 1531.0754404750344, 1861.110133123919
0.550, 0.130, 810.44193788393545, 1147.5393990726382, 1446.7817216534895, 1765.6369994734428
0.550, 0.135, 758.4452008590431, 1082.1620008995026, 1370.6876943534671, 1679.2452479588642
0.550, 0.140, 711.69000527634785, 1023.0934045010231, 1301.7163831577318, 1600.7577983643014
0.550, 0.145, 669.48341796925217, 969.52128873027254, 1238.965178872468, 1529.1863523462373
0.550, 0.150, 631.2441281213172, 920.76192228739842, 1181.6726770284192, 1463.6957262280757
0.550, 0.155, 596.48151757754556, 876.23629020982628, 1129.1926753617518, 1403.5758672845768
0.550, 0.160, 564.77908379779831, 835.45123291661184, 1080.9735974404985, 1348.2196344883819
0.550, 0.165, 535.78139287027079, 797.98451106858477, 1036.5421956369178, 1297.1051847997014
0.550, 0.170, 509.18357865419051, 763.47278924379611, 995.49038360114582, 1249.7817367284786
0.550, 0.175, 484.72286788624075, 731.60195433323531, 957.4645999482492, 1205.8580872298689
0.550, 0.180, 462.17187287819218, 702.09925579076844, 922.15723626753311, 1164.9931875943473
0.550, 0.185, 441.33285348215009, 674.72687061362194, 889.29947269452884, 1126.888488979502
0.550, 0.190, 422.03321921119419, 649.27661485851604, 858.65550130242207, 1091.2815874753878
0.550, 0.195, 404.12185300553853, 625.56558599345499, 830.0177376655422, 1057.940942090667
0.550, 0.200, 387.46589909395806, 603.43252815201754, 803.20277334148034, 1026.6614966464329
0.550, 0.205, 371.94815928676917, 582.73478926307075, 778.04801243211818, 997.26095589947329
0.550, 0.210, 357.46491883458452, 563.34578250182051, 754.40884228491996, 969.57665989784562
0.550, 0.215, 343.92413820998428, 545.15284170023222, 732.15628089129882, 943.4629373700958
0.550, 0.220, 331.24389238480774, 528.05540023750575, 711.17493773993522, 918.7887995751372
0.550, 0.225, 319.35105057052084, 511.96344972740735, 691.36128958507004, 895.43595045141171
0.550, 0.230, 308.18018390258106, 496.79621999638528, 672.62223901869243, 873.29706072633678
0.550, 0.235, 297.67259268641629, 482.48106200985654, 654.8738335599603, 852.27418016809975
0.550, 0.240, 287.7754135754808, 468.95245696360803, 638.04010753628461, 832.27723759700689
0.550, 0.245, 278.44112458923723, 456.15119824154323, 622.05235532098357, 813.22279274980406
0.550, 0.250, 269.62670758746174, 444.02366630835024, 606.84809057876009, 795.03249847047869
0.550, 0.255, 261.29324595532563, 432.52119199006745, 592.37046915718179, 777.63172307966795
0.550, 0.260, 253.40543298054286, 421.59951496105322, 578.56764197884672, 760.94787192554554
0.550, 0.265, 245.93118280298043, 411.21831238776031, 565.39222444187021, 744.90848310287515
0.550, 0.270, 238.84127783885626, 401.34077287519023, 552.80082472306003, 729.43891836723412
0.550, 0.275, 232.10906780916648, 391.93323759474413, 540.75364110992257, 714.45980069012444
0.550, 0.280, 225.71019677268885, 382.9648727409525, 529.2140852000656, 699.88451748460602
0.550, 0.285, 219.62237368522534, 374.40739097260644, 518.14848548570546, 685.61835888869291
0.550, 0.290, 213.82516301104997, 366.23479387129299, 507.52579087752451, 671.56220372097869
0.550, 0.295, 208.29979762947642, 358.42315797235705, 497.31732122976638, 657.62509131798288
0.550, 0.300, 203.0290254207577, 350.95042943803918, 487.49657500701943, 643.74665027446895
0.600, 0.025, 17522.269525445899, 19864.858283095378, 21703.641542031281, 23420.816365875795
0.600, 0.030, 12336.449585992383, 14203.234337887034, 15685.005315076098, 17079.419516928894
0.600, 0.035, 9182.7094400575861, 10725.964729258078, 11963.657920079562, 13136.688260019586
0.600, 0.040, 7119.1941726142786, 8429.6554229134199, 9490.8292568013621, 10503.270377131901
0.600, 0.045, 5693.5113473273759, 6829.2633388760005, 7757.3232998346766, 8648.3260223298676
0.600, 0.050, 4666.1702149085395, 5666.4612863168977, 6490.8392095430772, 7287.0075921816451
0.600, 0.055, 3900.6297692081175, 4793.1291266695043, 5534.641319388732, 6254.8301222233995
0.600, 0.060, 3314.3586253296294, 4119.2484163476665, 4793.1253771211532, 5451.156233560414
0.600, 0.065, 2855.0541233049689, 3587.4724516584474, 4205.1727176824561, 4811.4632512923417
0.600, 0.070, 2488.2442887381744, 3159.8168037887249, 3730.1643345231109, 4292.7506836086432
0.600, 0.075, 2190.4516578346984, 2810.2846270183309, 3340.2105467966844, 3865.4153306019784
0.600, 0.080, 1945.2276918861699, 2520.5790040689199, 3015.6208147441498, 3508.5032512267553
0.600, 0.085, 1740.7696451268116, 2277.5084861865312, 2742.1563758856, 3206.8248648678455
0.600, 0.090, 1568.4232499451375, 2071.3598738928404, 2509.302068291905, 2949.135974302284
0.600, 0.095, 1421.7259934832871, 1894.8478968662932, 2309.1488764731971, 2726.9598008358184
0.600, 0.100, 1295.7707493321684, 1742.4177126234447, 2135.649724592482, 2533.8005172861203
0.600, 0.105, 1186.7762079071517, 1609.7714665029557, 1984.1133682891232, 2364.6078408393259
0.600, 0.110, 1091.7897685599721, 1493.5397941161316, 1850.8524117137445, 2215.4037553983667
0.600, 0.115, 1008.4780923153954, 1391.0496215224343, 1732.9340303992799, 2083.0176827379582
0.600, 0.120, 934.97707313004969, 1300.157288769188, 1628.0003890917853, 1964.8954987026523
0.600, 0.125, 869.78258714148319, 1219.1266857824191, 1534.1372452712683, 1858.9594964209155
0.600, 0.130, 811.66995806375735, 1146.5390379086218, 1449.7765293854845, 1763.5043429908637
0.600, 0.135, 759.63380907868532, 1081.2253062874322, 1373.6231707019299, 1677.1189396064644
0.600, 0.140, 712.84198383017088, 1022.214780329916, 1304.5992939198811, 1598.6264962968448
0.600, 0.145, 670.6012367850816, 968.69576246092913, 1241.8015891212815, 1527.0389944303527
0.600, 0.150, 632.33016024168148, 919.98506459982809, 1184.4680636923536, 1461.5213799154003
0.600, 0.155, 597.53751787016552, 875.50407304820317, 1131.9518893489146, 1401.3633476228313
0.600, 0.160, 565.80695542066542, 834.76008550572146, 1083.7011461927382, 1345.9577322970513
0.600, 0.165, 536.78276231556003, 797.33118956751525, 1039.2421727598824, 1294.782294346059
0.600, 0.170, 510.15989632147983, 762.85435166819877, 998.16653243427379, 1247.3857563324591
0.600, 0.175, 485.67547817134971, 731.01572097207168, 960.12038269525078, 1203.3762510263452
0.600, 0.180, 463.10197623914456, 701.54279471292932, 924.79585553950176, 1162.411973717642
0.600, 0.185, 442.24149431761441, 674.1979375810796, 891.92387891279975, 1124.1933334413777
0.600, 0.190, 422.92142920322391, 648.77316069381368, 861.26848132849784, 1088.4567623887208
0.600, 0.195, 404.99057727632783, 625.08573353066208, 832.62191581592151, 1054.9693494373307
0.600, 0.200, 388.31597650727775, 602.97453976693953, 805.80059734009217, 1023.5243695757089
0.600, 0.205, 372.78036736284031, 582.2970641425776, 780.64179706173013, 993.93761551723003
0.600, 0.210, 358.2799832058804, 562.92683831586191, 757.00078362500813, 966.0441806471772
0.600, 0.215, 344.7227309434744, 544.7513047496933, 734.74846588853313, 939.69580677419629
0.600, 0.220, 332.02663248661514, 527.66999463838215, 713.76934947484779, 914.7585147602648
0.600, 0.225, 320.1185234543558, 511.59298919820657, 693.95982870088778, 891.11061258450991
0.600, 0.230, 308.93292275794289, 496.43959891479739, 675.22670807343104, 868.64090318050739
0.600, 0.235, 298.41108055927634, 482.13724793838389, 657.48593891037297, 847.24714186866481
0.600, 0.240, 288.50016864605021, 468.6204854302369, 640.66154389372139, 826.83465330299282
0.600, 0.245, 279.152569306776, 455.83017035105814, 624.68467879671243, 807.31513253431706
0.600, 0.250, 270.32525866420809, 443.71273390247228, 609.49280076345588, 788.60559903422541
0.600, 0.255, 261.97929394953132, 432.21956101071447, 595.02898962674658, 770.62760069674971
0.600, 0.260, 254.07934954630736, 421.30644325117805, 581.24131655651559, 753.30668446003881
0.600, 0.265, 246.59331701277091, 410.93309800107789, 568.08231304945889, 736.57224615768723
0.600, 0.270, 239.49196241134908, 401.06275771051548, 555.50850045139816, 720.35796428121648
0.600, 0.275, 232.7486150726748, 391.66179936300887, 543.47997308392007, 704.60282946761492
0.600, 0.280, 226.33890586815352, 382.6994266430022, 531.96004630832419, 689.25295294619991
0.600, 0.285, 220.24052862945231, 374.14738227901779, 520.91492652342879, 674.26382244631964
0.600, 0.290, 214.43303315632966, 365.97969996713385, 510.31343617390411, 659.60263794182276
0.600, 0.295, 208.89764286074171, 358.17248539628019, 500.12675973814021, 645.24989760045219
0.600, 0.300, 203.61708884573272, 350.70370689402176, 490.32823226998408, 631.19944780450021
0.650, 0.025, 17533.880416292755, 19848.110770872776, 21719.770773213517, 23416.333819102594
0.650, 0.030, 12345.848001923023, 14190.218067575914, 15698.052759952261, 17076.07741496
0.650, 0.035, 9190.599996316796, 10715.472950853504, 11974.627470715723, 13134.111475971593
0.650, 0.040, 7125.9959597541783, 8420.9709764931176, 9500.3159531739147, 10501.235872255498
0.650, 0.045, 5699.4955026668067, 6821.9301549445472, 7765.7094375504557, 8646.6931946806162
0.650, 0.050, 4671.517970667297, 5660.1712353967696, 6498.3812603509605, 7285.6798508490356
0.650, 0.055, 3905.4696801440959, 4787.6657563325398, 5541.519879249704, 6253.7393355559416
0.650, 0.060, 3318.7850964363465, 4114.4543075748807, 4799.4719195080706, 5450.2525330582976
0.650, 0.065, 2859.1359695580832, 3583.2293272978823, 4211.0853910082596, 4810.7080707167652
0.650, 0.070, 2492.0363328427011, 3156.0343323315255, 3735.7185034839299, 4292.1144439077007
0.650, 0.075, 2193.9957182527355, 2806.8920370882943, 3345.4650533899949, 3864.8741631220319
0.650, 0.080, 1948.5583555912453, 2517.5200578970962, 3020.6226558611879, 3508.0378195928174
0.650, 0.085, 1743.9137858894908, 2274.7376566585726, 2746.943205435532, 3206.4186696707857
0.650, 0.090, 1571.4031904747012, 2068.8398894683028, 2513.9049459107664, 2948.7750517942941
0.650, 0.095, 1424.5602128399958, 1892.5478483363381, 2313.5933635634096, 2726.6317896212954
0.650, 0.100, 1298.4747383252802, 1740.3117431633807, 2139.9572832846657, 2533.4944808657256
0.650, 0.105, 1189.3630769466899, 1607.837719598697, 1988.3021556189053, 2364.3138637673842
0.650, 0.110, 1094.2706201518947, 1491.7596046093381, 1854.9379058137024, 2215.1125887603534
0.650, 0.115, 1010.8625106399338, 1389.4069541929955, 1736.9295402362798, 2082.7206306017888
0.650, 0.120, 937.27331483495391, 1298.6382908933647, 1631.9174907045649, 1964.584274080541
0.650, 0.125, 871.99779686234194, 1217.7192527668424, 1537.9860536431752, 1858.6259457943374
0.650, 0.130, 813.81060345081255, 1145.2326325028155, 1453.5659559348178, 1763.1405626893566
0.650, 0.135, 761.70521441337121, 1080.0105599840424, 1377.3610734938372, 1676.7167682471638
0.650, 0.140, 714.84909343150525, 1021.0834300487139, 1308.292722276203, 1598.177813430568
0.650, 0.145, 672.54843448285772, 967.64046445777092, 1245.4568764038499, 1526.5354422205778
0.650, 0.150, 634.22115440778646, 918.99923162308778, 1188.0908936834867, 1460.9541964611667
0.650, 0.155, 599.37597704501184, 874.58184279213879, 1135.5475279649047, 1400.7235514624954
0.650, 0.160, 567.59589759533515, 833.89613288906207, 1087.2743392542434, 1345.23567927525
0.650, 0.165, 538.52499997271434, 796.52072260568957, 1042.797311860583, 1293.9678092066388
0.650, 0.170, 511.85796958286977, 762.09302769392752, 1001.7077027340829, 1246.4679747800642
0.650, 0.175, 487.33164844730953, 730.29957789961554, 963.65138225483179, 1202.3434435480979
0.650, 0.180, 464.71830529895078, 700.86821211760241, 928.32023673494962, 1161.2514843862036
0.650, 0.185, 443.81993254389351, 673.56162354126434, 895.44502115387434, 1122.8914967244846
0.650, 0.190, 424.46375271938427, 648.17210188697311, 864.78960568961895, 1086.9987513300423
0.650, 0.195, 406.49838013213235, 624.51714859957258, 836.14606313276386, 1053.3389737411408
0.650, 0.200, 389.79074264656452, 602.43587250558357, 809.33069900152884, 1021.7039975386425
0.650, 0.205, 374.22346529999999, 581.78595517579993, 784.18067475604289, 991.90802360175269
0.650, 0.210, 359.69268149715759, 562.4411071751, 760.55117290642784, 963.78443876265499
0.650, 0.215, 346.10620400738497, 544.28893378492944, 738.31302561261361, 937.18317649563028
0.650, 0.220, 333.38197353278053, 527.22910958105444, 717.35066985535548, 911.96841056634639
0.650, 0.225, 321.44675173762505, 511.1718497258928, 697.56044388604721, 888.01663890943394
0.650, 0.230, 310.23498761185192, 496.03658908788532, 678.84910264613734, 865.215025480848
0.650, 0.235, 299.68787649150244, 481.75085658294461, 661.13255818969537, 843.46004129771541
0.650, 0.240, 289.75253103153034, 468.24930792339632, 644.33478975206253, 822.65635099974463
0.650, 0.245, 280.38128341589771, 455.47289267933536, 628.38690987226403, 802.71598707242208
0.650, 0.250, 271.53106238713298, 443.36812559726394, 613.22634055643243, 783.55774855670848
0.650, 0.255, 263.16288529331507, 431.88647340849485, 598.79611877072443, 765.10701433076247
0.650, 0.260, 255.24138697207837, 420.98379651855259, 585.04426696045334, 747.29574449878362
0.650, 0.265, 247.73442641620571, 410.61988248226828, 571.92326499299395, 730.06287822679712
0.650, 0.270, 240.61273411556334, 400.75802236054238, 559.38957061749375, 713.35492641832445
0.650, 0.275, 233.84961159546413, 391.36465184207765, 547.40319971935241, 697.12668795131583
0.650, 0.280, 227.42066195170133, 382.40902828799273, 535.92737820911327, 681.34190914403234
0.650, 0.285, 221.30355294737726, 373.86294008565102, 524.92820442806067, 665.97353451962397
0.650, 0.290, 215.47781214433942, 365.70047165812156, 514.37436916935837, 651.00351724188272
0.650, 0.295, 209.92464101001377, 357.89776567562762, 504.23690308802088, 636.42188829685256
0.650, 0.300, 204.62674873884134, 350.43283568516864, 494.48895397787732, 622.22526831775679
0.700, 0.025, 17551.208504356087, 19829.282271521271, 21727.677684400976, 23428.276804208112
0.700, 0.030, 12359.887900264412, 14175.692420099696, 15704.727403862255, 17085.957825115991
0.700, 0.035, 9202.397699852916, 10703.856396014076, 11980.479443673663, 13142.596450573928
0.700, 0.040, 7136.1762319869094, 8411.4372197053399, 9505.5911441558655, 10508.72466015526
0.700, 0.045, 5708.4577691262612, 6813.9505526601224, 7770.5618174630417, 8653.4376951255308
0.700, 0.050, 4679.5337166059107, 5653.3907784819394, 6502.9154616023434, 7291.8516030441879
0.700, 0.055, 3912.7277159701985, 4781.8337975888189, 5545.8089421613986, 6259.4572339416982
0.700, 0.060, 3325.4260852436328, 4109.3894648608248, 4803.5689206824518, 5455.6039969004123
0.700, 0.065, 2865.2644289519994, 3578.7954041222324, 4215.0298513902699, 4815.7576719902399
0.700, 0.070, 2497.7317303954842, 3152.126703221707, 3739.5405869266369, 4296.9111140427112
0.700, 0.075, 2199.3212641252676, 2803.4291936719751, 3349.1882529257327, 3869.4559635584283
0.700, 0.080, 1953.5640514894067, 2514.4369199959829, 3024.2655181697733, 3512.4343894353196
0.700, 0.085, 1748.6399359877521, 2271.9816505196682, 2750.5207173279136, 3210.6535524921774
0.700, 0.090, 1575.8830994761452, 2066.3679841599405, 2517.4292674266767, 2952.8670619751024
0.700, 0.095, 1428.8217618261472, 1890.3245235469317, 2317.0745544634419, 2730.5960802042027
0.700, 0.100, 1302.5401117916495, 1738.3067816258288, 2143.4037882846956, 2537.3429891438104
0.700, 0.105, 1193.2520886243906, 1606.0259791497522, 1991.7210350285191, 2368.0563295111078
0.700, 0.110, 1097.9998154571158, 1490.1195127614801, 1858.3352389545296, 2218.7567125320188
0.700, 0.115, 1014.4461485282668, 1387.9199955279171, 1740.3105741258473, 2086.2724992476387
0.700, 0.120, 940.72353721825402, 1297.2883337792643, 1635.2867661631813, 1968.0483914144713
0.700, 0.125, 875.32561924578931, 1216.4924478398289, 1541.3475889663503, 1862.0058133579721
0.700, 0.130, 817.02497053255547, 1144.1165600860518, 1456.9233356753664, 1766.4382548380047
0.700, 0.135, 764.81455733867472, 1078.9944909683973, 1380.7175210754078, 1679.9336321821138
0.700, 0.140, 717.86077358081411, 1020.1578241605696, 1311.6511708007449, 1601.3142029336934
0.700, 0.145, 675.46868474828591, 966.79672840008436, 1248.8200427385127, 1529.5907002006918
0.700, 0.150, 637.05582903275354, 918.22979007217532, 1191.4612851324066, 1463.9269440844694
0.700, 0.155, 602.13026265622477, 873.87987412504935, 1138.9275140811601, 1403.6115299579233
0.700, 0.160, 570.27443485388312, 833.25549703564081, 1090.6661717299401, 1348.0357616309468
0.700, 0.165, 541.13198174914487, 795.93588050543894, 1046.203163500697, 1296.6760023909762
0.700, 0.170, 514.39714220875339, 761.5589286065624, 1005.1296580768568, 1249.0792780002323
0.700, 0.175, 489.80651102566935, 729.81167135691169, 967.09152719257258, 1204.8520273071088
0.700, 0.180, 467.13200155254634, 700.42233386130067, 931.78059508654053, 1163.6503782744398
0.700, 0.185, 446.17536081855559, 673.1539842348526, 898.92763923971052, 1125.1726538519131
0.700, 0.190, 426.76354850261697, 647.79922447074046, 868.29651958351599, 1089.1528855142017
0.700, 0.195, 408.74497836622595, 624.17584581521567, 839.67932999051754, 1055.3554831650624
0.700, 0.200, 391.98639252604733, 602.12321913117603, 812.89241065465455, 1023.5708696992986
0.700, 0.205, 376.37024869535674, 581.49925585755761, 787.77296167903819, 993.61171274471917
0.700, 0.210, 361.79252458118941, 562.17787725875758, 764.17621693014041, 965.3097641484768
0.700, 0.215, 348.16090451348498, 544.04688023034419, 741.97306771896615, 938.51327056185664
0.700, 0.220, 335.39320787651843, 527.00611258165918, 721.04801879814772, 913.08466835371746
0.700, 0.225, 323.41607796587317, 510.9659444039869, 701.29747839767174, 888.89875134352462
0.700, 0.230, 312.16387500315022, 495.84595705295294, 682.62828065658846, 865.84114311213125
0.700, 0.235, 301.577699317042, 481.57380854037478, 664.95641794982987, 843.80704373249591
0.700, 0.240, 291.60458088301755, 468.08427399537658, 648.20596203855075, 822.70035614773531
0.700, 0.245, 282.19677477797381, 455.318412435656, 632.30811581338446, 802.43308050539179
0.700, 0.250, 273.31114782817406, 443.22284158977197, 617.2003858101674, 782.92501701214428
0.700, 0.255, 264.90865206545396, 431.7491193149649, 602.82590790172458, 764.1038594311301
0.700, 0.260, 256.95386524793594, 420.85319402603517, 589.13279409620043, 745.90541529932193
0.700, 0.265, 249.41459290991571, 410.49493097653561, 576.07360784960963, 728.27409682769485
0.700, 0.270, 242.2615166180484, 400.6376927036506, 563.604888823902, 711.16336777521701
0.700, 0.275, 235.46789446868968, 391.24798410706057, 551.68672826873353, 694.53604961926544
0.700, 0.280, 229.00928771061052, 382.29512381028297, 540.28240952916224, 678.36423088146023
0.700, 0.285, 222.86332567401541, 373.75096034987507, 529.35807786849261, 662.62867448563247
0.700, 0.290, 217.00950052297111, 365.58962949268727, 518.88244605202863, 647.31772771736962
0.700, 0.295, 211.4289792403043, 357.78732452953403, 508.82654134375139, 632.42574999463739
0.700, 0.300, 206.10444477067358, 350.32210487099337, 499.16348753931607, 617.95138685601012
0.750, 0.025, 17575.64397777191, 19812.232413099668, 21722.367513002868, 23447.648576104071
0.750, 0.030, 12379.715790229371, 14162.780661815208, 15701.120415449515, 17102.007395482084
0.750, 0.035, 9219.083155212802, 10693.737277438519, 11978.042648100429, 13156.418700047558
0.750, 0.040, 7150.5931807112556, 8403.3111660731356, 9504.0032573727349, 10520.965684757904
0.750, 0.045, 5721.1643340518667, 6807.3079208519148, 7769.6182151383036, 8664.5115528536207
0.750, 0.050, 4690.9084808370617, 5647.8889864564781, 6502.4773284267758, 7302.0362041319859
0.750, 0.055, 3923.0387044513886, 4777.2322589875321, 5545.7782846251966, 6268.9488792171542
0.750, 0.060, 3334.8663068663377, 4105.5123021734589, 4803.8736205712976, 5464.5436664178487
0.750, 0.065, 2873.9808222188431, 3575.5117737234209, 4215.6157431173478, 4824.2513675428627
0.750, 0.070, 2505.8367723329252, 3149.3361983334894, 3740.3659008298641, 4305.0397885851398
0.750, 0.075, 2206.9025274205555, 2801.0529823468464, 3350.2198992327303, 3877.2823115587707
0.750, 0.080, 1960.6917736179928, 2512.41248480587, 3025.4771100610797, 3520.0083731258101
0.750, 0.085, 1755.3707476781867, 2270.2583437052112, 2751.8906646169748, 3218.0150810030245
0.750, 0.090, 1582.2634333976616, 2064.9043111065225, 2518.9397861237412, 2960.0487008975419
0.750, 0.095, 1434.8896641568656, 1889.0859106804971, 2318.7108423046284, 2737.6244878327207
0.750, 0.100, 1308.3285049731285, 1737.2646494075436, 2145.1532801211329, 2544.240542021686
0.750, 0.105, 1198.7879358946352, 1605.1558455819641, 1993.5731485631261, 2374.8415812233593
0.750, 0.110, 1103.3061920596856, 1489.4004822703585, 1860.2809137069605, 2225.4454648732867
0.750, 0.115, 1019.5433287477957, 1387.3343882587014, 1742.3420371879881, 2092.8781229418682
0.750, 0.120, 945.62859050887812, 1296.8205128538543, 1637.3972462165118, 1974.5823805139773
0.750, 0.125, 880.05316574799906, 1216.1287147050421, 1543.5312583217449, 1868.4779409299827
0.750, 0.130, 821.58857480879817, 1143.8453005871445, 1459.1751581068081, 1772.8571669129974
0.750, 0.135, 769.22565500916187, 1078.8052086815997, 1383.0330989991271, 1686.3066436787005
0.750, 0.140, 722.12960505774902, 1020.0413286217565, 1314.0267511378313, 1607.6477376254156
0.750, 0.145, 679.60460578532741, 966.74491744044474, 1251.2523122825694, 1535.8903528872718
0.750, 0.150, 641.06682659039006, 918.23527956668511, 1193.9474509111601, 1470.1974688165174
0.750, 0.155, 606.02367622372424, 873.93613990332653, 1141.4651787004466, 1409.8569701019796
0.750, 0.160, 574.0568516358702, 833.35667061780168, 1093.2533283797479, 1354.2595159995669
0.750, 0.165, 544.8093644599046, 796.07666200500785, 1048.8381274634462, 1302.880769579019
0.750, 0.170, 517.97497691515366, 761.73457906986107, 1007.8111049239383, 1255.267195665454
0.750, 0.175, 493.28974650261466, 730.01787569421845, 969.81839566314738, 1211.0244431611238
0.750, 0.180, 470.52517449028971, 700.65518980289062, 934.55213094554153, 1169.8079423806928
0.750, 0.185, 449.48263050450959, 673.40993364415465, 901.74334355197641, 1131.315164410908
0.750, 0.190, 429.98875222853781, 648.07504214340963, 871.15615293088774, 1095.2791922506724
0.750, 0.195, 411.89165693967954, 624.46858525968435, 842.58289695049291, 1061.4633436098313
0.750, 0.200, 395.05782331788527, 602.43019273920822, 815.8401550296619, 1029.6567416056937
0.750, 0.205, 379.3694735812328, 581.81800939881725, 790.76535994003189, 999.67052531741501
0.750, 0.210, 364.72238349390574, 562.50616831301443, 767.21397806684604, 971.33466052553331
0.750, 0.215, 351.02404650436165, 544.38265664564688, 745.05712791024894, 944.49524425390302
0.750, 0.220, 338.19210579914346, 527.34748942282522, 724.17953697420444, 919.01219388665083
0.750, 0.225, 326.15305819313039, 511.31120076841216, 704.47784733335482, 894.75739493944286
0.750, 0.230, 314.84111653987213, 496.1935085363836, 685.85911717937768, 871.61312157625798
0.750, 0.235, 304.19725696696679, 481.92220250550906, 668.23957369047605, 849.47088264336617
0.750, 0.240, 294.16839342628987, 468.43217793763165, 651.5435203597259, 828.23061046492717
0.750, 0.245, 284.70667538968814, 455.66460333155226, 635.70239976229038, 807.80030015006855
0.750, 0.250, 275.76886935276281, 443.56619590458638, 620.65397694150624, 788.09604843869613
0.750, 0.255, 267.31584014286773, 432.08860460309853, 606.34162695302598, 769.04253973683831
0.750, 0.260, 259.3120823514335, 421.18786126937391, 592.71372749410375, 750.57386186750432
0.750, 0.265, 251.72532391844817, 410.82390827197025, 579.72311308029543, 732.6344703006838
0.750, 0.270, 244.52617938127591, 400.96018238951746, 567.32659401920182, 715.18002948412538
0.750, 0.275, 237.68783690717487, 391.56325039003912, 555.48454706110601, 698.17775766402224
0.750, 0.280, 231.18580059130787, 382.60249291464834, 544.16055197539401, 681.60611351489172
0.750, 0.285, 224.99764071614976, 374.04981331044115, 533.32104615108949, 665.45344390403091
0.750, 0.290, 219.10279811402992, 365.87939903803453, 522.93504646158851, 649.71608974957667
0.750, 0.295, 213.48239025865655, 358.06749163222815, 512.97388593973119, 634.39589467146175
0.750, 0.300, 208.11905256529764, 350.59219212510715, 503.41099095456497, 619.49778585490958
0.800, 0.025, 17609.650348811254, 19801.70601171497, 21706.232861411383, 23455.742254400469
0.800, 0.030, 12407.370895644322, 14155.368518812802, 15689.24803742169, 17109.498546138391
0.800, 0.035, 9242.401003877656, 10688.409032116388, 11969.063428289219, 13163.535908085803
0.800, 0.040, 7170.7745543520759, 8399.4571210499435, 9497.1037251998678, 10527.843170139251
0.800, 0.045, 5738.9801354330502, 6804.5411118265947, 7764.2772732893318, 8671.23315194924
0.800, 0.050, 4706.8777969781486, 5645.9485353315713, 6498.3431566375893, 7308.6579246908223
0.800, 0.055, 3937.5291712514645, 4775.9358970169915, 5542.6022126387961, 6275.508697829473
0.800, 0.060, 3348.145085643429, 4104.7269340472749, 4801.473906733142, 5471.0684496461299
0.800, 0.065, 2886.249919356439, 3575.1389522405248, 4213.8560853301551, 4830.7608951951979
0.800, 0.070, 2517.2499377546078, 3149.2994895047909, 3739.1408490087897, 4311.5487417319955
0.800, 0.075, 2217.5808280183696, 2801.2929908818346, 3349.4465681629063, 3883.8017493684738
0.800, 0.080, 1970.7316918929578, 2512.8819307163931, 3025.0892160359667, 3526.5469044435104
0.800, 0.085, 1764.8501144335551, 2270.9188946027621, 2751.8344116547078, 3224.5797937711177
0.800, 0.090, 1591.2462856036066, 2065.7246632182369, 2519.1707795814323, 2966.6452500279993
0.800, 0.095, 1443.4290018455276, 1890.0400442863345, 2319.1920945682564, 2744.2577126662536
0.800, 0.100, 1316.4692170207318, 1738.3310978495786, 2145.8538587912926, 2550.9148322674605
0.800, 0.105, 1206.5672036359335, 1606.3159423528843, 1994.4666093611006, 2381.5608588335135
0.800, 0.110, 1110.7561679594148, 1490.6385486506922, 1861.3446634613806, 2232.2134363721048
0.800, 0.115, 1026.6914823211489, 1388.6369203922409, 1743.5567260082119, 2099.6984585579921
0.800, 0.120, 952.49923210608733, 1298.1761446935736, 1638.7461525054528, 1981.458857841008
0.800, 0.125, 886.66741721186747, 1217.527541392338, 1544.9998476859846, 1875.4144230873358
0.800, 0.130, 827.96460072283003, 1145.2784435040676, 1460.7507123256667, 1779.8577563783092
0.800, 0.135, 775.37972510937686, 1080.2650531359222, 1384.7045211600928, 1693.3756851286537
0.800, 0.140, 728.07610719634374, 1021.5211351871749, 1315.7843048169932, 1614.7899157486272
0.800, 0.145, 685.35639902154526, 968.23877977808149, 1253.0874739051831, 1543.1107618002266
0.800, 0.150, 646.63556422073941, 919.7380526716729, 1195.8527289509648, 1477.5016411239619
0.800, 0.155, 611.41980298019917, 875.44324336796535, 1143.4340147919736, 1417.2509387790731
0.800, 0.160, 579.28983730165635, 834.8640537446264, 1095.2799636471889, 1361.7498117545613
0.800, 0.165, 549.88780454851008, 797.58074186022247, 1050.9175438561697, 1310.4745092272894
0.800, 0.170, 522.90672372815754, 763.23217215170666, 1009.9389209261866, 1262.9720684971703
0.800, 0.175, 498.08200196381836, 731.50617722674656, 971.99083949833118, 1218.8487748820367
0.800, 0.180, 475.18455792868986, 702.13170374704418, 936.76594766543735, 1177.7606677556641
0.800, 0.185, 454.01524302395313, 674.87245654035439, 903.99577900057113, 1139.4058309869026
0.800, 0.190, 434.40024033688155, 649.52161803440788, 873.4448952623743, 1103.5179150218953
0.800, 0.195, 416.18726396521799, 625.8974942912788, 844.90605601121013, 1069.8607250641146
0.800, 0.200, 399.24242970218438, 603.83991870422233, 818.19623364995266, 1038.2237440511581
0.800, 0.205, 383.44763174281468, 583.20721887688057, 793.15322452662383, 1008.418223065489
0.800, 0.210, 368.69834787091429, 563.87368949240351, 769.63283140649389, 980.27386411562043
0.800, 0.215, 354.90179768583783, 545.72745866784669, 747.50650551994045, 953.63604197647885
0.800, 0.220, 341.97540294375921, 528.66869637438072, 726.65929929617698, 928.36320803826118
0.800, 0.225, 329.84542046232485, 512.60803509750724, 706.98814333220264, 904.3247366474435
0.800, 0.230, 318.44586601778366, 497.46530736239873, 688.40040493993683, 881.3990953687171
0.800, 0.235, 307.71753185498983, 483.16840034780995, 670.81259948878767, 859.47220553842681
0.800, 0.240, 297.60716517788973, 469.65230070890891, 654.14932769797565, 838.43631273373956
0.800, 0.245, 288.06675737044782, 456.85825096078145, 638.34231808145921, 818.1893026645871
0.800, 0.250, 279.05292992608742, 444.73304202488822, 623.32963218079738, 798.63473630961914
0.800, 0.255, 270.52641537210116, 433.22838598901944, 609.05494481557901, 779.68282434152025
0.800, 0.260, 262.45158395579466, 422.30037248649938, 595.46694064542248, 761.25239093050379
0.800, 0.265, 254.79604976054003, 411.90899608263032, 582.5187722156071, 743.27381916090712
0.800, 0.270, 247.53032011125293, 402.01774135198025, 570.16758728173568, 725.69234981653653
0.800, 0.275, 240.62748391230127, 392.59321761595857, 558.37411467732306, 708.47077405025595
0.800, 0.280, 234.06295007037173, 383.60484239500653, 547.1022978882603, 691.59045165860459
0.800, 0.285, 227.81420488399556, 375.02455370000405, 536.3189691514458, 675.04978107224144
0.800, 0.290, 221.86060433890466, 366.82656864883182, 525.99356678901165, 658.86031026732132
0.800, 0.295, 216.18319010527725, 358.98715556435639, 516.09787558473283, 643.0415419084519
0.800, 0.300, 210.76452545731667, 351.48444242044735, 506.60580721427192, 627.61573403114414
0.850, 0.025, 17657.950010944449, 19804.504383671221, 21688.997705167043, 23444.766428863473
0.850, 0.030, 12446.780490088364, 14159.099858985695, 15677.102081443449, 17102.448687430584
0.850, 0.035, 9275.723407586931, 10692.710806620194, 11960.344169266171, 13159.170216787303
0.850, 0.040, 7199.682652999425, 8404.122923320072, 9490.8261373148271, 10525.423867389471
0.850, 0.045, 5764.5476152950805, 6809.4427138757646, 7759.8103868075614, 8670.2834291570744
0.850, 0.050, 4729.8279793697075, 5650.9987044781856, 6495.258445654501, 7308.8524305397859
0.850, 0.055, 3958.375166726978, 4781.0764543895993, 5540.5988110113876, 6276.6173361736664
0.850, 0.060, 3367.2610276125361, 4109.9157370641151, 4800.331280744178, 5472.9215472693068
0.850, 0.065, 2903.9150842739864, 3580.3435882016961, 4213.4077859774407, 4833.2301023868622
0.850, 0.070, 2533.6808188539057, 3154.4966488332875, 3739.259069245672, 4314.5346125186479
0.850, 0.075, 2232.9461171720109, 2806.4638484061097, 3350.030541703492, 3887.2258921581961
0.850, 0.080, 1985.1669093535854, 2518.0123422816378, 3026.058622802896, 3530.3466948873556
0.850, 0.085, 1778.4646912930559, 2275.9972884009248, 2753.1238281058986, 3228.7042833157898
0.850, 0.090, 1604.1304487934572, 2070.7420345232094, 2520.7267455919873, 2971.0531431025197
0.850, 0.095, 1455.6574296416923, 1894.9888062082132, 2320.9699566793647, 2748.9148114810869
0.850, 0.100, 1328.1046078667571, 1743.2050793670392, 2147.8162254165882, 2555.7929775600132
0.850, 0.105, 1217.6635485451529, 1611.110692292373, 1996.5822329686723, 2386.6370244213731
0.850, 0.110, 1121.3596144239511, 1495.3503951588937, 1863.5868717162043, 2237.4686222497303
0.850, 0.115, 1036.8415998763039, 1393.2627874172574, 1745.9028082591126, 2105.1173611664935
0.850, 0.120, 962.23069191292143, 1302.7137475957504, 1641.1766402628543, 1987.0291415927627
0.850, 0.125, 896.01061862808535, 1221.975128267226, 1547.4980216461993, 1881.1266053228414
0.850, 0.130, 836.94656945357292, 1149.6348826892329, 1463.3022173928778, 1785.704684226806
0.850, 0.135, 784.02444692395966, 1084.5295872155129, 1387.2970152237792, 1699.3526284608909
0.850, 0.140, 736.40501596312401, 1025.6933401814995, 1318.4070834705237, 1620.8940786733688
0.850, 0.145, 693.38879219715761, 972.31855898978586, 1255.7313348193488, 1549.3413957723628
0.850, 0.150, 654.38890669588795, 923.72559204700201, 1198.5097444684452, 1483.859890871445
0.850, 0.155, 618.90990837959896, 879.33892605893755, 1146.0973597557795, 1423.7398293420463
0.850, 0.160, 586.53114718178097, 838.66847672305585, 1097.9437888524308, 1368.3742488008916
0.850, 0.165, 556.89354212200226, 801.29467101730813, 1053.5768520353395, 1317.2413118878994
0.850, 0.170, 529.68903026684677, 766.85651240636594, 1012.5894626973682, 1269.8900395198348
0.850, 0.175, 504.65206464216067, 735.04194788825532, 974.62902520298564, 1225.9288173693644
0.850, 0.180, 481.55272196129926, 705.58003266472213, 939.38878140987595, 1185.0159184593467
0.850, 0.185, 460.1911212388365, 678.23457497609752, 906.60080155439186, 1146.8518561317051
0.850, 0.190, 440.39274280661488, 652.79880179645602, 876.03010287694724, 1111.172934985181
0.850, 0.195, 422.00469787735494, 629.0910816748941, 847.4698726920484, 1077.7458859296969
0.850, 0.200, 404.89255997666027, 606.95129644056078, 820.73745078544368, 1046.3633743716341
0.850, 0.205, 388.93771577876663, 586.23779821690289, 795.67097236163158, 1016.8402200940664
0.850, 0.210, 374.0352005153153, 566.82492459242371, 772.12657955318264, 989.01006321696752
0.850, 0.215, 360.09181720432889, 548.60081131779759, 749.97597553040248, 962.7224337945928
0.850, 0.220, 347.02459669444136, 531.46563046929168, 729.10448255307756, 937.84025747853127
0.850, 0.225, 334.75946185851183, 515.33003051876494, 709.40927330853594, 914.23740071662598
0.850, 0.230, 323.23010717956583, 500.11384382038136, 690.79794601831622, 891.7964768541309
0.850, 0.235, 312.37702702632077, 485.74494952818901, 673.18722450373673, 870.40654776212853
0.850, 0.240, 302.14669364127252, 472.15831898757, 656.50189662482342, 849.96087365215169
0.850, 0.245, 292.49084716854424, 459.29518913127714, 640.67389818490938, 830.35463129327889
0.850, 0.250, 283.36587727014228, 447.10233563256418, 625.64147384648936, 811.48249527048768
0.850, 0.255, 274.73229361884938, 435.53144864508602, 611.34848183335691, 793.23664313797315
0.850, 0.260, 266.55426480937234, 424.53859929150514, 597.74378913671092, 775.50572292279026
0.850, 0.265, 258.79921531194486, 414.08376283116036, 584.78074009507407, 758.1763023991582
0.850, 0.270, 251.43747214652882, 404.13039686289153, 572.41666692112597, 741.13858682372665
0.850, 0.275, 244.44196076119616, 394.64508799146262, 560.61249395608672, 724.29801872756957
0.850, 0.280, 237.78793205177223, 385.59722707081039, 549.33237058089662, 707.59096176695994
0.850, 0.285, 231.45272614129064, 376.95872908895495, 538.54335296982401, 690.99786356619677
0.850, 0.290, 225.41556117641204, 368.70378212505773, 528.2151128826963, 674.54507512083376
0.850, 0.295, 219.65734902962853, 360.80862753031226, 518.31968951746273, 658.29246494074755
0.850, 0.300, 214.16053096517294, 353.2513663722948, 508.8312716306001, 642.31351977366421
0.900, 0.025, 17731.241062384794, 19833.516039161517, 21688.819907413003, 23430.973754797909
0.900, 0.030, 12506.852941908019, 14184.772349331333, 15679.811901356297, 17094.479042098563
0.900, 0.035, 9326.6951247745565, 10715.968169242507, 11964.895726641174, 13155.085647400494
0.900, 0.040, 7244.0115279731444, 8425.5234421965179, 9496.5972972130385, 10524.067269248691
0.900, 0.045, 5803.8082219294756, 6829.3483060013314, 7766.4050023266973, 8670.9093715249273
0.900, 0.050, 4765.0902873444547, 5669.6598716457283, 6502.4107735423313, 7310.9542707759683
0.900, 0.055, 3990.3926903959486, 4798.6703589225335, 5548.1206802016404, 6279.835733951466
0.900, 0.060, 3396.5867931596699, 4126.5746775284388, 4808.0865532171492, 5476.9932680839329
0.900, 0.065, 2930.9659546326598, 3596.1692715781278, 4221.2954668730999, 4837.9571386504513
0.900, 0.070, 2558.7791362372823, 3169.5692791592523, 3747.2027458524444, 4319.7652775403476
0.900, 0.075, 2256.3459539196442, 2820.8478116516339, 3357.9710266795341, 3892.8412949550293
0.900, 0.080, 2007.0722866927065, 2531.7607203180883, 3033.9501856070056, 3536.2532861307009
0.900, 0.085, 1799.0431344205683, 2289.155444273872, 2760.9312137265283, 3234.8277537361328
0.900, 0.090, 1623.520443066793, 2083.3485588558688, 2528.4223490544782, 2977.3339038237359
0.900, 0.095, 1473.9761176814129, 1907.0780557409194, 2328.5328451736159, 2755.3054327975688
0.900, 0.100, 1345.4512115210316, 1754.807177044353, 2155.2301627863608, 2562.2553199584368
0.900, 0.105, 1234.1232955837193, 1622.2525943525068, 2003.8348772653121, 2393.1405697267733
0.900, 0.110, 1137.0065335576771, 1506.056636508195, 1870.6692689352139, 2243.9893612368624
0.900, 0.115, 1051.7404309709525, 1403.5557461376613, 1752.8084848749197, 2111.6363818850164
0.900, 0.120, 976.43850538244385, 1312.6140585602029, 1647.9013556347375, 1993.532105305228
0.900, 0.125, 909.57805979673833, 1231.5019035291918, 1554.0392483490018, 1887.6028073424741
0.900, 0.130, 849.91882310591336, 1158.805878132302, 1469.6588462345098, 1792.1467173334065
0.900, 0.135, 796.44205079780352, 1093.361356150222, 1393.469034833468, 1705.755727563266
0.900, 0.140, 748.30456673493961, 1034.201450809973, 1324.3954978627976, 1627.2560194682726
0.900, 0.145, 704.80341711256278, 980.5175983201085, 1261.5378764028499, 1555.6621367258067
0.900, 0.150, 665.34874448465348, 931.62930453887816, 1204.1367456192202, 1490.1413083344121
0.900, 0.155, 629.44244264597648, 886.96025465864182, 1151.5476243140345, 1429.9856435878883
0.900, 0.160, 596.66154942111643, 846.01965111120262, 1103.2205301993063, 1374.5899931728654
0.900, 0.165, 566.64492997332354, 808.38724693651341, 1058.6835408899376, 1323.4341346092979
0.900, 0.170, 539.08267817764727, 773.70142959216957, 1017.5298100507529, 1276.0688755319229
0.900, 0.175, 513.70761381696218, 741.64956457408869, 979.40690689059852, 1232.1043772770822
0.900, 0.180, 490.28834325369183, 711.96016473439443, 944.00816292590002, 1191.2007759062469
0.900, 0.185, 468.62363949337259, 684.3965221095882, 911.06573216990341, 1153.0607093017313
0.900, 0.190, 448.53780115560255, 658.75140009876975, 880.34466012666303, 1117.4227762210853
0.900, 0.195, 429.87684802637636, 634.84271956860255, 851.63814542667956, 1084.0563903186724
0.900, 0.200, 412.50535415853892, 612.50993373563972, 824.76351373170814, 1052.7573441362274
0.900, 0.205, 396.30380992556968, 591.61101033380874, 799.55887381948412, 1023.3441423839503
0.900, 0.210, 381.16641595827582, 572.01989727486273, 775.88029728184961, 995.65484810441455
0.900, 0.215, 366.99922255308212, 553.6243909262115, 753.5994522810355, 969.54442880011743
0.900, 0.220, 353.71856332291571, 536.32432549146654, 732.60157872625712, 944.88242886733144
0.900, 0.225, 341.24972189548936, 520.0300389992376, 712.78378370532039, 921.55096186587309
0.900, 0.230, 329.5257994157281, 504.66106309260613, 694.05357256711022, 899.44287958585858
0.900, 0.235, 318.48674744713725, 490.14499878698564, 676.32759127897691, 878.46008790596204
0.900, 0.240, 308.07853360818376, 476.41655364920558, 659.53054841645121, 858.51187954618717
0.900, 0.245, 298.25243082236187, 463.41671350904568, 643.59428579385087, 839.51319311803832
0.900, 0.250, 288.96439500191195, 451.09201418128947, 628.45695979548077, 821.38256453771453
0.900, 0.255, 280.17453389461991, 439.39392572442421, 614.062348003853, 804.03948880643065
0.900, 0.260, 271.84664182739556, 428.27830647245452, 600.35923643185731, 787.4006286068485
0.900, 0.265, 263.94779345967231, 417.70492640805469, 587.30087892924735, 771.37388190675745
0.900, 0.270, 256.44799284798052, 407.63705833669496, 574.84453186100973, 755.84878932139213
0.900, 0.275, 249.31986115304957, 398.04110536734822, 562.9510458427136, 740.68141316528408
0.900, 0.280, 242.53836617497043, 388.88628961053757, 551.58449972671849, 725.67440266808023
0.900, 0.285, 236.08058226250401, 380.1443608037564, 540.71187414640099, 710.5690271364457
0.900, 0.290, 229.9254804015541, 371.78935531451748, 530.30278375859461, 695.10224587967321
0.900, 0.295, 224.05374010416932, 363.79736910820259, 520.32921045851037, 679.16586879595945
0.900, 0.300, 218.44758430179004, 356.14636421534033, 510.76528844035528, 662.91364045041666
0.950, 0.025, 17863.155251607532, 19926.322614921442, 21750.090627650017, 23467.332941134977
0.950, 0.030, 12615.341293881949, 14263.69830743051, 15734.498905064487, 17129.879863472357
0.950, 0.035, 9418.7410129013188, 10784.845497488956, 12014.4663318395, 13189.209638496943
0.950, 0.040, 7323.8212712296454, 8486.6873708694602, 9541.9733904742534, 10556.754644083301
0.950, 0.045, 5874.1113534960823, 6884.3335781276046, 7808.2119837648761, 8702.0878141973462
0.950, 0.050, 4827.7651195569915, 5719.5406062680331, 6541.1061881933965, 7340.6055769671848
0.950, 0.055, 4046.7919873253654, 4844.2346594642404, 5584.0570335962802, 6307.9737620865835
0.950, 0.060, 3447.7221974013432, 4168.425217994286, 4841.5488706587366, 5503.6548532618935
0.950, 0.065, 2977.6167935774815, 3634.7807322980493, 4252.5204982239802, 4863.1926179574657
0.950, 0.070, 2601.5608759837246, 3205.3255771040276, 3776.3924329781785, 4343.6334125484382
0.950, 0.075, 2295.7558710113494, 2854.0668952528927, 3385.3015849192693, 3915.4063517607528
0.950, 0.080, 2043.5178898877775, 2562.7091639135483, 3059.5762292640734, 3557.5812962760328
0.950, 0.085, 1832.8635861716011, 2318.0601146656991, 2784.9899201388153, 3254.9848425970849
0.950, 0.090, 1655.0017071073273, 2110.4048751359796, 2551.0365503339985, 2996.3854881806915
0.950, 0.095, 1503.3614203374066, 1932.4556646956294, 2349.8128346774047, 2773.3147984104785
0.950, 0.100, 1372.9496401993936, 1778.654641060725, 2175.2755409622732, 2579.2834409721199
0.950, 0.105, 1259.9158611528148, 1644.7008463960537, 2022.7358636277895, 2409.2456824014148
0.950, 0.110, 1161.2509151347706, 1527.2216360352752, 1888.5077279649042, 2259.2266617048476
0.950, 0.115, 1074.574891366738, 1423.540722362759, 1769.6589201778422, 2126.0581165550975
0.950, 0.120, 997.98488213699989, 1331.5112728685563, 1663.8316681727988, 2007.1874973111333
0.950, 0.125, 929.94424981648797, 1249.394142901953, 1569.1114432633499, 1900.5381620053238
0.950, 0.130, 869.20076145723544, 1175.7676492049318, 1483.9296264278803, 1804.4055506707866
0.950, 0.135, 814.72541053908287, 1109.4599770788643, 1406.9903915544153, 1717.3789559440636
0.950, 0.140, 765.66607620624836, 1049.497825494454, 1337.2150666623713, 1638.2820247289112
0.950, 0.145, 721.31205962167212, 995.06704212172895, 1273.6994356591663, 1566.1269597165331
0.950, 0.150, 681.0666924558019, 945.48212270466638, 1215.6805491297741, 1500.0788700547155
0.950, 0.155, 644.42594433270699, 900.16235177815418, 1162.5107624283341, 1439.4278947056782
0.950, 0.160, 610.96157854386877, 858.61296033792735, 1113.6371655651733, 1383.5670217125219
0.950, 0.165, 580.3078135534339, 820.41017806316131, 1068.5852619730317, 1331.9745229037335
0.950, 0.170, 552.15062579563744, 785.18921309999655, 1026.9457684200775, 1284.199622953163
0.950, 0.175, 526.21915507424808, 752.63458106532005, 988.36408678966802, 1239.8512534411964
0.950, 0.180, 502.2787322699088, 722.47223180088099, 952.53157224144502, 1198.5884566313694
0.950, 0.185, 480.12519015893434, 694.46312152757355, 919.17853701006277, 1160.1129319293898
0.950, 0.190, 459.58019414835792, 668.39792372561112, 888.06837431303597, 1124.1625493943336
0.950, 0.195, 440.48739384889922, 644.09265132569374, 858.99275063561356, 1090.5062063378477
0.950, 0.200, 422.70922519539118, 621.38503177958819, 831.76760447427648, 1058.9394297988667
0.950, 0.205, 406.12424689979207, 600.13145367261336, 806.22973982621636, 1029.2806627231721
0.950, 0.210, 390.62490815070737, 580.2044315759714, 782.23405849270864, 1001.3683135249354
0.950, 0.215, 376.11567315663177, 561.49045132920162, 759.65112809710388, 975.05799284487398
0.950, 0.220, 362.51143060268009, 543.8881480317541, 738.36519150285426, 950.22044676625035
0.950, 0.225, 349.73614974215411, 527.30676186949461, 718.27241621758412, 926.73954618214032
0.950, 0.230, 337.72173380503574, 511.66481838357311, 699.27945115084333, 904.51078396765467
0.950, 0.235, 326.4070362961491, 496.88899419817426, 681.30214475393336, 883.43981424459992
0.950, 0.240, 315.73702266506524, 482.91314550153095, 664.26446325858126, 863.44130195761738
0.950, 0.245, 305.66204506892285, 469.67747432321272, 648.09756290605992, 844.43787803877626
0.950, 0.250, 296.13721562743717, 457.12779457716977, 632.7389561264564, 826.35922412312118
0.950, 0.255, 287.12186556746786, 445.2149096624176, 618.13182426474589, 809.14132814380332
0.950, 0.260, 278.57907396650359, 433.89406032364394, 604.22439417077101, 792.72579022305649
0.950, 0.265, 270.47525687002513, 423.12444748650347, 590.96939549914259, 777.05919835763143
0.950, 0.270, 262.77980903792098, 412.86881161376704, 578.32359195876018, 762.09261983461681
0.950, 0.275, 255.46478944628453, 403.09306882590664, 566.24737496350986, 747.78113371357551
0.950, 0.280, 248.50464536732034, 393.76598210070449, 554.70438076130768, 734.08334043148238
0.950, 0.285, 241.87596928783299, 384.85888136200623, 543.66118665520798, 720.96090966437077
0.950, 0.290, 235.55728453071893, 376.34540730985151, 533.08700942239579, 708.37782559408117
0.950, 0.295, 229.52885471691414, 368.20128793469229, 522.95345848159536, 696.29831055014904
0.950, 0.300, 223.77251702555307, 360.40414472385521, 513.23431500839843, 684.67068937574015
1.0001,0.025, 18273.67097312566, 20323.328053991143, 22133.336815050563, 23836.726786527852
1.0001,0.030, 12928.592039949546, 14568.450028997955, 16029.811790005691, 17415.250454157467
1.0001,0.035, 9666.8998358830413, 11027.487109456355, 12250.289703608343, 13417.48370222572
1.0001,0.040, 7525.9332726689163, 8685.1476314136489, 9735.2855238548309, 10744.062067052009
1.0001,0.045, 6042.2826189134485, 7050.0625252500013, 7969.8998054021513, 8858.8072812702139
1.0001,0.050, 4970.1099410128154, 5860.247259622256, 6678.5271808548769, 7473.7746413732411
1.0001,0.055, 4168.9805354963082, 4965.3290644896169, 5702.3921602856599, 6422.5635504272886
1.0001,0.060, 3553.8495154652587, 4273.8302571089398, 4944.5674286185449, 5603.2928642851348
1.0001,0.065, 3070.7225255892517, 3727.4192680205929, 4343.0395660548511, 4950.5972059950145
1.0001,0.070, 2683.9528034861833, 3287.4246821547385, 3856.5647438067144, 4420.8872796154137
1.0001,0.075, 2369.2200934025263, 2927.3560459846708, 3456.8034668041637, 3984.1351855890698
1.0001,0.080, 2109.4600742702487, 2628.553766826456, 3123.7343033398647, 3619.0744931027607
1.0001,0.085, 1892.4058777755574, 2377.5533816648799, 2842.8690540591447, 3310.279521420839
1.0001,0.090, 1709.0514091644106, 2164.4332539099114, 2603.5019566009046, 3046.3257218799081
1.0001,0.095, 1552.6604651583184, 1981.7458979404464, 2397.5754147785506, 2818.5955096574316
1.0001,0.100, 1418.1108857205711, 1823.8085652704735, 2218.9250588130731, 2620.481866143487
1.0001,0.105, 1301.450113478026, 1686.2212629661276, 2062.7659495323978, 2446.8457284905435
1.0001,0.110, 1199.5875163526766, 1565.5320801969215, 1925.334858705017, 2293.6371446721596
1.0001,0.115, 1110.0773687934918, 1459.0005970801697, 1803.6370711354418, 2157.6268066258949
1.0001,0.120, 1030.9631937901145, 1364.4276183397651, 1695.2636561571455, 2036.2122078778491
1.0001,0.125, 960.66433216605787, 1280.0309046388941, 1598.2579525559538, 1927.2754765785137
1.0001,0.130, 897.89212520742262, 1204.3530312845794, 1511.0162996063318, 1829.0776897024491
1.0001,0.135, 841.5871879299375, 1136.1923193882155, 1432.2135696256651, 1740.17935993526
1.0001,0.140, 790.87191513345783, 1074.5503707962039, 1360.7464227299608, 1659.3798746196476
1.0001,0.145, 745.01410293027516, 1018.5918287899066, 1295.6897791677382, 1585.6708589075758
1.0001,0.150, 703.39881238832322, 967.61312567039147, 1236.2628753336066, 1518.1998353446979
1.0001,0.155, 665.50641602159749, 921.01811939691993, 1181.8028579726408, 1456.2418916231295
1.0001,0.160, 630.89530667489657, 878.29877830188332, 1131.7436844219551, 1399.1769562048366
1.0001,0.165, 599.18817080327801, 839.01988827012713, 1085.5995533426649, 1346.4720647369018
1.0001,0.170, 570.06100589459345, 802.80673767592123, 1042.9513557971666, 1297.6666454315052
1.0001,0.175, 543.23427942853698, 769.33520785717519, 1003.4359062023002, 1252.3609728473875
1.0001,0.180, 518.46575093284218, 738.32369984950094, 966.73709327130484, 1210.206624274804
1.0001,0.185, 495.54462355794311, 709.52655593417421, 932.57862533712773, 1170.8985415889167
1.0001,0.190, 474.28673786046721, 682.7286270302443, 900.71811069120224, 1134.1687072811187
1.0001,0.195, 454.5306025014284, 657.74078331158989, 870.94208691112863, 1099.7807127268693
1.0001,0.200, 436.13410898555327, 634.39619799088769, 843.06193892260512, 1067.5253192638777
1.0001,0.205, 418.97178238177588, 612.54721705818088, 816.91043825341058, 1037.216691839202
1.0001,0.210, 402.9324831719232, 592.06275089752899, 792.33887024671094, 1008.6892803254884
1.0001,0.215, 387.91747390963815, 572.82606914060273, 769.21458403116822, 981.79511749160099
1.0001,0.220, 373.83877732759157, 554.73292222259204, 747.41892078105263, 956.40156764909511
1.0001,0.225, 360.61779649485044, 537.68996787038986, 726.84545116019922, 932.38934684279241
1.0001,0.230, 348.18412222729228, 521.61339976611714, 707.39847607371235, 909.65091260341603
1.0001,0.235, 336.47453012177624, 506.42779743398245, 688.99171955650229, 888.08893194907341
1.0001,0.240, 325.43210656195265, 492.06512164358844, 671.54723938440031, 867.61511819512896
1.0001,0.245, 315.00550358904405, 478.46385441186248, 654.99443677406259, 848.14900001676779
1.0001,0.250, 305.14829293196965, 465.56825322354013, 639.26924698388154, 829.61700052175695
1.0001,0.255, 295.81840578231254, 453.32770233345991, 624.31340073952072, 811.95147182121332
1.0001,0.260, 286.977647247927, 441.69615280533816, 610.07380233710001, 795.08982294270822
1.0001,0.265, 278.5912719593498, 430.63162684722676, 596.50197402338893, 778.97363345287022
1.0001,0.270, 270.62761404132419, 420.09578995903593, 583.55356923907186, 763.54767932704544
1.0001,0.275, 263.05776227764699, 410.05357222561713, 571.18795695318215, 748.75882452128621
1.0001,0.280, 255.85527493678708, 400.47283380828668, 559.36783497376189, 734.55450883151025
1.0001,0.285, 248.99592838280529, 391.32407329297598, 548.05890506719948, 720.88062719394873
1.0001,0.290, 242.45749654371122, 382.58017038795361, 537.22958812230911, 707.67825304229825
1.0001,0.295, 236.21955285126904, 374.2161499613398, 526.85074123705647, 694.87812967642174
1.0001,0.300, 230.26329845852473, 366.20898470356042, 516.89545623126219, 682.39169786773152
1.050, 0.025, 19552.361075046352, 21663.558210089115, 23521.16005725889, 25263.746128756298
1.050, 0.030, 13795.340973897257, 15480.284681494435, 16975.975656793304, 18389.103974126519
1.050, 0.035, 10290.619023361614, 11685.65532012617, 12934.220502861817, 14121.685211883481
1.050, 0.040, 7995.032482464836, 9181.4084620880403, 10251.449721104165, 11275.425497214434
1.050, 0.045, 6407.2912740652646, 7437.0126261690621, 8372.5631981727165, 9273.0483404338192
1.050, 0.050, 5261.8915298771299, 6170.0997577377293, 7000.9918942592758, 7805.1402230928861
1.050, 0.055, 4407.3972177239602, 5218.8652022146734, 5966.1806408576904, 6693.218131102506
1.050, 0.060, 3752.2334201129133, 4485.0302195122458, 5164.1816360063922, 5828.1901730358477
1.050, 0.065, 3238.339271909932, 3906.0190239767071, 4528.5939638689479, 5140.1785787337212
1.050, 0.070, 2827.4324967599073, 3440.4039965372522, 4015.3200600898149, 4582.6554801421835
1.050, 0.075, 2493.4270945548169, 3059.8447727823118, 3594.1023509278307, 4123.6161033176331
1.050, 0.080, 2218.0405134492012, 2744.4031914816692, 3243.5924496714997, 3740.4246621827742
1.050, 0.085, 1988.1448862550887, 2479.7097975805277, 2948.3614807570516, 3416.684103459339
1.050, 0.090, 1794.1116841182443, 2255.1876925250272, 2697.0220719870895, 3140.2652323995858
1.050, 0.095, 1628.7461966369915, 2062.9060928797571, 2481.0132373613128, 2902.0297680101748
1.050, 0.100, 1486.5827398845136, 1896.8195661180973, 2293.7926488001494, 2694.9794654415759
1.050, 0.105, 1363.4072614702907, 1752.2518363299614, 2130.2871224016103, 2513.6766275761502
1.050, 0.110, 1255.9273101155363, 1625.5373974778295, 1986.5104093945808, 2353.8400472229691
1.050, 0.115, 1161.5396278252654, 1513.7689638927411, 1859.2934631128596, 2212.0597128814102
1.050, 0.120, 1078.163157583954, 1414.6152589798719, 1746.0892327428667, 2085.5897042604388
1.050, 0.125, 1004.1177865249706, 1326.1884683862681, 1644.8306145354056, 1972.1974468518831
1.050, 0.130, 938.03469624700244, 1246.9460207300451, 1553.8247767231187, 1870.0513235993621
1.050, 0.135, 878.78929951027283, 1175.6168851117895, 1471.6739619652531, 1777.6363428580353
1.050, 0.140, 825.45055109720249, 1111.1458027839385, 1397.215216549349, 1693.6898336219192
1.050, 0.145, 777.24207397599491, 1052.6503461968805, 1329.4740975708337, 1617.1520235865237
1.050, 0.150, 733.51221729867643, 999.3878295109655, 1267.6288011832944, 1547.1276391223364
1.050, 0.155, 693.71061703215855, 950.72930780487559, 1210.9820272384784, 1482.8558110534227
1.050, 0.160, 657.36975776668237, 906.13909865794983, 1158.9387114799945, 1423.6861628021047
1.050, 0.165, 624.09039469966001, 865.15855544610088, 1110.9884002524216, 1369.0599083091852
1.050, 0.170, 593.52984148178234, 827.39298895263119, 1066.6910010817783, 1318.4944804951722
1.050, 0.175, 565.3925760938522, 792.50117475133095, 1025.6653371430973, 1271.571269190676
1.050, 0.180, 539.42260955267363, 760.18679963911143, 987.57979644965008, 1227.9254800107137
1.050, 0.185, 515.3972817496599, 730.19150148164181, 952.14473544756265, 1187.2379729685945
1.050, 0.190, 493.12212236550806, 702.28907269451167, 919.10610291739761, 1149.2283355132595
1.050, 0.195, 472.42668162395228, 676.28078592718794, 888.24032698451845, 1113.6493810346335
1.050, 0.200, 453.1610097071827, 651.99139151379234, 859.3499059135288, 1080.2822973823459
1.050, 0.205, 435.19275852227383, 629.26586204938076, 832.25984804850543, 1048.932879585954
1.050, 0.210, 418.40474121655848, 607.9666148664985, 806.81457672585805, 1019.4280463744697
1.050, 0.215, 402.69287683810796, 587.9711720354934, 782.87538234535168, 991.61314448981136
1.050, 0.220, 387.9644613786952, 569.17020647762774, 760.31823423005881, 965.3495005467197
1.050, 0.225, 374.1366945893505, 551.46585160916231, 739.03192987807154, 940.51239438698246
1.050, 0.230, 361.13542909809274, 534.77028029819246, 718.91651218858817, 916.98930205456008
1.050, 0.235, 348.89409667093071, 519.0044696478227, 699.88190064719265, 894.67838837357635
1.050, 0.240, 337.35279378737198, 504.09716153633929, 681.84673631870976, 873.48717212881434
1.050, 0.245, 326.45748903556864, 489.98394500603655, 664.73736343935911, 853.33138107922014
1.050, 0.250, 316.15933932125546, 476.60647564247108, 648.48695495480581, 834.13390519132975
1.050, 0.255, 306.4140995355329, 463.9117893049667, 633.03475126155433, 815.82390465503465
1.050, 0.260, 297.18160883602474, 451.85171734828009, 618.32540692285659, 798.3359522830882
1.050, 0.265, 288.42534180146447, 440.38236032978705, 604.30840059729269, 781.60927283184935
1.050, 0.270, 280.11201788438819, 429.46364030420528, 590.93753549607413, 765.58700681756625
1.050, 0.275, 272.21125837830766, 419.0589021560491, 578.17049006288732, 750.2154842000283
1.050, 0.280, 264.69528575983333, 409.1345634238773, 565.96842808410736, 735.44352235899419
1.050, 0.285, 257.53865856964671, 399.65980651495323, 554.29564967171734, 721.22167323220606
1.050, 0.290, 250.71803700924477, 390.60630599621715, 543.11928678710603, 707.50145122710092
1.050, 0.295, 244.21197624780575, 381.94798653452852, 532.40902875900213, 694.23451672954627
1.050, 0.300, 238.00074389735289, 373.66081034296013, 522.13688369525073, 681.37185466340543
