1,1,16242.5559950961,16983.313658913,20579.7224226613,22087.702051121
2,1,16358.4951413056,17061.5674784696,20271.472312472,21730.0700849788
3,1,16509.4952201152,17184.8557202677,20010.4652266053,21397.661893473
4,1,16714.268665503,17345.4562345519,19786.4889627664,21116.4325304137
5,1,17006.9263762988,17563.3410030417,19592.025360471,20875.2580870538
6,1,17402.4350042773,17931.4604885409,19421.4256430756,20665.9617153424
7,1,17855.9625377795,18739.1815352501,19270.3834552946,20482.4226274383
8,1,18628.4311787986,19708.5032433105,19711.5292862927,20391.4561623304
9,1,19014.380637294,20175.0410887963,20203.0595572557,22689.3804058249
1,2,15868.1564654247,16575.8891160123,20139.2157182482,21597.18867249
2,2,15982.9438771737,16653.4604698227,19834.3016583417,21243.8501997511
3,2,16132.4783324633,16775.3610675529,19576.1351341655,20915.5422293801
4,2,16335.2961923559,16934.1929295462,19354.6287166982,20637.8004859473
5,2,16625.141063693,17149.7091808556,19162.3308317119,20399.6477586917
6,2,17006.9263764844,17524.1941954609,18993.670718369,20193.0035433695
7,2,17455.971826567,18322.7117656545,18844.3702771539,20011.8265561508
8,2,18220.4960455373,19258.5726913496,19270.3834544875,19955.9205410569
9,2,18591.4001386497,19708.5032435797,19778.7546396561,22176.937845173
1,3,15506.7166189304,16183.207620949,19713.4755494956,21123.9059256478
2,3,15620.3779863898,16260.1077060344,19411.8311890154,20774.7777049962
3,3,15768.4770827818,16380.6579018626,19156.445016853,20450.4706629895
4,3,15969.3692396824,16537.7651659196,18937.3459418932,20176.1277115296
5,3,16256.4611497661,16750.9632665351,18747.1734664535,19940.9116260445
6,3,16625.1410634017,17131.29084329,18580.4006910723,19736.8573413445
7,3,17069.7840388855,17920.7970132724,18432.8083819803,19557.9747567417
8,3,17826.5132067697,18824.4956567167,18844.3702771539,19535.4219221268
9,3,18182.7944566711,19258.5726904748,19368.7509014578,21682.4953001936
1,4,15157.642466262,15804.564487623,19301.8388526415,20667.0412491334
2,4,15270.2019920517,15880.8021758255,19003.3996008152,20322.041053855
3,4,15416.8965971974,16000.0354879404,18750.4173988415,20001.637687933
4,4,15615.9028086971,16155.4597470922,18533.9961722628,19730.6077796512
5,4,15900.2858790448,16366.4006293844,18345.8962744451,19498.2594884636
6,4,16256.4611496857,16752.0711536022,18180.9712402601,19296.7163561446
7,4,16696.7707509187,17532.7670474739,18035.0397434086,19120.0719263646
8,4,17445.8522711281,18405.4996295277,18432.8083819803,19129.2328197588
9,4,17787.9065753475,18824.4956547594,18972.3724797216,21205.2248503542
1,5,14820.3832243874,15439.2980238385,18903.6890010008,20225.8310099405
2,5,14931.8638566785,15514.8847937068,18608.3921196126,19884.882374345
3,5,15077.1804926397,15632.8339631224,18358.3960953376,19568.2901244157
4,5,15274.3387459128,15786.6135240447,18143.9645961565,19300.1505306405
5,5,15556.0628062877,15995.3449939056,17957.8932421346,19070.9323422937
6,5,15900.2858792241,16385.8995153074,17794.7694933904,18871.8388563874
7,5,16336.3404301116,17157.9686412276,17650.4646266295,18697.367957824
8,5,17077.9036231945,18000.9145423082,18035.0397443283,18736.7253343076
9,5,17406.1397606336,18405.4996295277,18589.0441783036,20744.32249612
1,6,14494.4102709847,15086.777326874,18517.8782357689,19799.5479044733
2,6,14604.835605178,15161.7249795258,18226.220950802,19462.5777399727
3,6,14748.801053753,15278.4218520699,17978.8365949031,19149.7082678739
4,6,14944.1401158534,15430.5968206421,17766.8220348421,18885.0600621498
5,6,15223.250751485,15637.1653718892,17582.5721513113,18658.2209904121
6,6,15556.062806296,16032.1802715026,17421.2126807454,18461.5113418592
7,6,15987.9304494839,16795.8149757321,17278.4871602891,18289.1603080685
8,6,16722.1135229628,17610.0621117158,17650.4646266639,18357.2608600878
9,6,17036.9146523332,18000.9145422168,18218.164906358,20299.0452610458
1,7,14179.2275453754,14746.9951317045,18145.5196843421,19387.5208187714
2,7,14288.6189283338,14820.736859444,17856.3307302662,19053.8638952693
3,7,14431.2605075961,14936.210589942,17611.2041737561,18745.2200635212
4,7,14624.8163884126,15086.8183884627,17401.5411798197,18483.6493913023
5,7,14901.3595599668,15291.2768055611,17219.3941881472,18259.637351583
6,7,15223.2507516231,15690.3459158158,17059.755274659,18065.0804352874
7,7,15651.0058848839,16445.7183493933,16918.5779093346,17894.7900389619
8,7,16377.9298131313,17232.3293236396,17278.4871603403,17990.2635769733
9,7,16679.6856651341,17610.0621117158,17859.2129157136,19868.689776678
1,8,13874.3655637917,14417.6727882394,17784.4176398412,18989.1026224348
2,8,13982.743649181,14491.3643798997,17498.1968408253,18659.8682056496
3,8,14124.0864380056,14605.6444260993,17255.8825612242,18354.1907848047
4,8,14315.8929821524,14754.7196345708,17048.0836101935,18095.3048782519
5,8,14589.9055047195,14957.1106666951,16867.8292292745,17874.0301874853
6,8,14901.3595596553,15359.8638044512,16709.8779819025,17681.9083306541
7,8,15325.0667930354,16107.1477104277,16570.2120633167,17513.6297686422
8,8,16044.8646148931,16867.1269804102,16918.5779094033,17635.1792565351
9,8,16333.9359603666,17232.3293237345,17511.6678105923,19452.5923418132
1,9,13579.3792536508,14100.0061401311,17434.6288434167,18603.6894391559
2,9,13686.7646340798,14173.0831538289,17151.3221837848,18278.219973051
3,9,13826.8342864683,14286.1978164391,16911.4698576444,17976.0199758459
4,9,14016.9176266623,14433.775063097,16705.7884224002,17720.3889427607
5,9,14288.4485620698,14634.140968386,16527.3929849204,17501.3197476659
6,9,14589.9055047205,15040.2285563756,16371.091360474,17311.4130052878
7,9,15009.6373199458,15779.58815929,16232.9059287623,17145.0901660245
8,9,15722.4326493235,16513.9026998426,16570.2120632509,17291.4883932783
9,9,15999.1889686632,16867.1269804102,17175.0474898378,19050.1130507027
1,10,13293.8470930265,13792.9277028953,17095.679682698,18230.7088390711
2,10,13400.2599676552,13865.398809604,16815.2352260709,17908.9387375816
3,10,13539.0781923672,13977.3746897532,16577.7956630305,17610.1406040492
4,10,13727.4723277423,14123.4859389874,16374.1928748355,17357.3773950541
5,10,13996.5640499432,14321.8741621569,16197.6185297906,17140.7787467446
6,10,14288.4485621085,14730.9677459105,16042.926451587,16953.0268454226
7,10,14704.269436989,15462.5646583942,15906.1895424899,16788.6121504931
8,10,15410.1878305751,16172.132852955,16232.9059281909,16958.6982812477
9,10,15674.971192265,16513.9026998426,16848.891126571,18660.6687669459
1,11,13017.3712319789,13495.9698735818,16767.1225525078,17869.6196355526
2,11,13122.8294862952,13567.8443241549,16489.4884110126,17551.4862883958
3,11,13260.4209366467,13678.706736902,16254.4176913638,17256.0171001561
4,11,13447.1544438393,13823.3859082877,16052.8515932408,17006.0598969726
5,11,13713.8446174729,14019.8336133369,15878.0581822934,16791.8709182073
6,11,13996.5640500183,14431.6291610898,15724.9441192637,16606.2213326569
7,11,14408.5336829902,15155.6234991986,15589.6217838991,16443.6723959472
8,11,15107.6959945973,15841.3232200549,15906.1895422623,16636.3438071647
9,11,15360.8458246198,16172.132852955,16532.7635032779,18283.6957659534
1,12,12749.5719537526,13208.6896300076,16448.5301935119,17519.9089670089
2,12,12854.0947056275,13279.976627098,16173.6579642985,17205.3519056198
3,12,12990.4813539976,13389.7516011959,15940.9117211061,16913.1431856194
4,12,13175.5825724145,13533.0277773507,15741.3423527827,16665.9290391172
5,12,13439.9086696911,13727.5752525237,15568.2918297588,16454.0956020823
6,12,13713.8446176116,14141.7880152725,15416.724676018,16270.5014214631
7,12,14122.0286072535,14858.3375087463,15282.7820051394,16109.7704061102
8,12,14814.5501009257,15521.002984903,15589.6217839153,16323.981559513
9,12,15056.3975859444,15841.323220387,16226.2508512173,17918.6612932029
1,13,12490.0905579787,12930.6724513814,16139.4984567124,17181.0959910665
2,13,12593.696366269,13001.3791192366,15867.3413382826,16870.0548144325
3,13,12728.8994273427,13110.0899284094,15636.4962981316,16581.038863229
4,13,12912.396840086,13251.9930627553,15439.2662683922,16336.5091319931
5,13,13174.3984841554,13444.6786414049,15267.9382307896,16126.9786248697
6,13,13439.9086695795,13861.0413500006,15117.9522120803,15945.3940357304
7,13,13844.3704873934,14570.2934118463,14985.2797278889,15786.4355788239
8,13,14530.3619669975,15210.7314621888,15282.7820046574,16021.196671093
9,13,14761.2372001652,15521.0029846828,15928.9636818605,17565.0559014959
1,14,12238.5874597455,12661.5208929049,15839.6443006538,16852.7202486618
2,14,12341.2926660938,12731.6559846471,15570.1553364954,16545.1382107771
3,14,12475.3339752719,12839.3250052832,15341.9317409594,16259.2497746628
4,14,12657.2537396987,12979.884086955,15146.2425334598,16016.9491012583
5,14,12912.3968404065,13175.4988828908,14976.5783070685,15810.0690196817
6,14,13174.3984841065,13589.0054325172,14828.0062103734,15630.4608100761
7,14,13575.1961018798,14291.1032794066,14696.7404877378,15473.306986205
8,14,14254.7720462965,14910.0832581411,14985.2797270186,15727.5880880503
9,14,14474.7354278647,15210.7314621888,15640.5270609789,17223.1686922768
1,15,11994.7389857098,12400.861965717,15548.6024833936,16534.3488457442
2,15,12096.5594022438,12470.4314893089,15281.7361609954,16230.1683842311
3,15,12229.4596525481,12577.0819263599,15055.7142175561,15947.3462694798
4,15,12409.8285177393,12716.3236786951,14861.6432271526,15708.0171607108
5,15,12657.2537392187,12915.8310596428,14693.8872387305,15502.9414132925
6,15,12916.9700006942,13325.3254824375,14546.7658462828,15325.2359468835
7,15,13314.1626956766,14020.4090707621,14416.7987587655,15169.7029487917
8,15,13987.4353583924,14618.6690617154,14696.7404877649,15442.7894566301
9,15,14197.2728597192,14910.0832581411,15360.5926917998,16890.2728056416
1,16,11758.2357600859,12148.3382614099,15266.0238583762,16225.5673945874
2,16,11859.190075775,12217.350772054,15001.7394257349,15924.7353326567
3,16,11990.968325631,12323.0050355645,14777.8798659471,15644.9205214151
4,16,12169.8117587771,12460.955751599,14585.9273071688,15408.1110358692
5,16,12409.8285175641,12664.095387577,14419.5148067366,15204.9110595401
6,16,12667.2921838705,13069.6504934244,14273.8162685619,15029.3634774418
7,16,13060.9358217112,13757.8567767074,14145.1214539263,14875.4860091444
8,16,13728.014485593,14336.1128551513,14416.7987589922,15166.4463769895
9,16,13927.7824276135,14618.6690738297,15088.8155512659,16568.2041039084
1,17,11528.7889478585,11903.6129786122,14991.581516263,15925.9848725305
2,17,11628.8917387055,11972.079212538,14729.8359175972,15628.451949961
3,17,11759.5685535516,12076.7555700511,14508.1027756817,15351.5842303041
4,17,11936.9099611036,12213.4416782468,14317.9661133181,15117.2443391168
5,17,12169.8117587727,12419.9693489304,14153.1345885235,14916.4348596416
6,17,12425.0602610394,12821.6554091397,14008.8325186881,14742.4424272156
7,17,12815.2122335056,13503.1202525731,13881.381911804,14590.1822539226
8,17,13476.2031544973,14062.038358358,14145.1214538847,14898.2030390335
9,17,13666.1943747449,14336.1128549254,14824.8743477132,16255.7899697981
1,18,11306.1180885172,11666.3717589041,14724.9585473764,15635.2352949484
2,18,11405.3846215367,11734.2941075721,14465.7111421096,15340.9456009227
3,18,11534.9768898258,11838.013729216,14245.8428755011,15066.9703318917
4,18,11710.8422091728,11973.458715353,14057.7149647186,14835.049793167
5,18,11936.9099609727,12183.1485415549,13894.4341626342,14636.3085651574
6,18,12189.9785841207,12581.0393741692,13751.497605956,14464.1113387781
7,18,12576.6956159711,13255.8912245526,13625.2678599762,14313.431070903
8,18,13231.7002844436,13796.1231647828,13881.381912098,14637.7563262055
9,18,13412.1735170109,14062.0383582821,14568.4827382318,15952.6716357856
1,19,11089.9609165157,11436.3067287347,14465.8577738865,15352.9616132824
2,19,11188.4059700039,11503.6948943528,14209.0690848827,15061.8681340783
3,19,11316.9334274665,11606.4771020048,13991.4795149091,14790.7314449324
4,19,11491.3470635773,11740.7067590105,13804.8824761168,14560.9512422117
5,19,11710.8422093116,11953.3371963461,13643.1227009687,14364.4680263174
6,19,11961.7641855542,12347.4986095035,13501.527725517,14194.0287104427
7,19,12345.0963696918,13015.8656507277,13376.4931434417,14044.8977523969
8,19,12994.2180153239,13538.0330077164,13625.2678591369,14384.7901941718
9,19,13165.4546914801,13796.1231673092,14319.3332632161,15658.4542462896
1,20,10880.0649446578,11213.1292005794,14213.9932621825,15078.8282738291
2,20,10977.7029978377,11279.9915216872,13959.6250920128,14790.8841045897
3,20,11105.1822297275,11381.855021756,13744.0556034423,14522.5340265838
4,20,11278.1641880717,11514.8909813918,13559.1796275125,14295.3142934673
5,20,11491.3470635538,11730.261299753,13398.916094299,14100.5803770646
6,20,11740.1544398684,12120.7596381151,13258.6372813791,13931.8634658828
7,20,12120.1568974641,12782.7639413082,13134.7757522787,13784.2462739559
8,20,12763.4935052268,13287.4625984733,13376.4931435811,14139.0165966028
9,20,12925.7525416948,13538.0330077164,14077.161087361,15372.7951271921
1,21,10676.1909399972,10996.5709963848,13965.5993133739,14812.5224151036
2,21,10773.0357752671,11062.9111860704,13717.1086890175,14527.6775078331
3,21,10899.4840052019,11163.8739259921,13503.5264454895,14262.0636299744
4,21,11071.0589031096,11295.7397158488,13320.3442458486,14037.1278457521
5,21,11278.1641880007,11513.6554106447,13161.7367310286,13844.3406104743
6,21,11524.8922467739,11900.5565362889,13022.5599870474,13677.3078589027
7,21,11901.6166885249,12556.316159406,12899.8509747387,13531.1724347222
8,21,12539.2670028055,13044.1195142233,13134.7757533259,13900.1593942947
9,21,12692.78959405,13287.4625984647,13841.7013782519,15095.3738616401
1,22,10478.1102237129,10786.3666961869,13730.0353134047,14553.7359925455
2,22,10574.1756456131,10852.1932891417,13481.2619359703,14268.2989445806
3,22,10699.6104868967,10952.2728977595,13269.6359424363,14009.0203334752
4,22,10869.798469148,11082.9902059747,13088.1172382983,13786.3259650591
5,22,11071.0589030585,11303.2700343346,12930.763377836,13595.4453430105
6,22,11315.7376297533,11686.6356743945,12793.0425946694,13430.2603193562
7,22,11689.233471121,12336.2745143448,12671.4573550862,13285.3810164344
8,22,12321.295061509,12807.7262311401,12899.8509745998,13667.9564747697
9,22,12466.3328841048,13044.1195142772,13612.7037630005,14825.8538946966
1,23,10285.6058966246,10582.271187266,13499.1649560576,14302.1832178584
2,23,10380.9047745049,10647.5906673213,13251.8389118928,14022.502854588
3,23,10505.3419728262,10746.8037841519,13042.1377019442,13763.1187436793
4,23,10674.1658405312,10876.392755509,12862.4078353225,13542.6238654901
5,23,10869.7984690275,11098.8654825398,12706.3183164563,13353.6149750143
6,23,11112.4588858755,11478.755007803,12569.8441624535,13189.8526737624
7,23,11482.7769977287,12122.3836047265,12449.3650115878,13046.590447296
8,23,12109.3365495317,12578.0152685446,12671.4573551594,13442.154939354
9,23,12246.1345637872,12807.7262307048,13389.9287254443,14563.9403950013
1,24,10098.4691555618,10384.0483386044,13273.6522908548,14057.5891259522
2,24,10193.0148154674,10448.8670047843,13028.6043288926,13781.7776512984
3,24,10316.469798394,10547.2302740832,12820.4055986106,13524.0870368369
4,24,10483.9492547406,10675.7118189372,12642.5253825981,13305.7524561973
5,24,10674.1658407008,10900.2161689163,12487.9792849658,13118.736119036
6,24,10914.8373462157,11276.6941692921,12352.7246339019,12956.40395472
7,24,11282.0283610171,11914.4229410633,12233.3317939776,12814.5320204209
8,24,11903.1810129637,12354.5861929077,12449.3650127187,13222.5226085587
9,24,12031.9625482933,12578.0152683175,13173.151003459,14309.3481044382
1,25,9916.50360966746,10191.4754758313,13054.1382300664,13819.6939497298
2,25,10010.308157868,10255.7992356555,12811.334719602,13546.8069694483
3,25,10132.7972959671,10353.3279551762,12605.3939605205,13291.6668045292
4,25,10298.9525343362,10480.7222444292,12428.7050884579,13075.0469845054
5,25,10483.9492546114,10707.1029465646,12275.5271002623,12890.082399665
6,25,10722.6617938193,11080.2249880617,12141.47305496,12729.4646006833
7,25,11086.7686195053,11712.1617193465,12023.1472195393,12588.959915636
8,25,11702.604870976,12137.6485036004,12233.3317939925,13008.8187075045
9,25,11823.6075328044,12354.5861917221,12962.1467885346,14061.7928453777
1,26,9739.51935877542,10004.4342346899,12840.4068391559,13588.2463740521
2,26,9832.59466368647,10068.1720372128,12599.8151251193,13318.2428151219
3,26,9954.13323874985,10164.8818710699,12395.7124021831,13065.6106463234
4,26,10118.9840981722,10291.2071177176,12220.5814904059,12851.4826146968
5,26,10298.9525344793,10519.3186622867,12068.7506896252,12667.8793594464
6,26,10535.7349218948,10889.1447241843,11935.8731752422,12508.7887344685
7,26,10896.8070614141,11515.3963701201,11818.5937803691,12369.6216512748
8,26,11507.4154159554,11926.2922561513,12023.1472186097,12800.8443415413
9,26,11620.83426045,12137.6485034556,12756.7217850306,13821.0390145388
1,27,9567.33656975668,9822.43031714428,12632.2532892273,13363.010744273
2,27,9659.69456716115,9885.78263419008,12393.8419480209,13095.8496515552
3,27,9780.29570465649,9981.68866495271,12191.5482087353,12845.6841731531
4,27,9943.86197836596,10106.9631972939,12017.9511815974,12633.6041438312
5,27,10118.9840982705,10336.6727523328,11867.4414044114,12451.7378157056
6,27,10353.8666494561,10703.2509515462,11735.7274628735,12294.1436489733
7,27,10711.9468458698,11323.9228155472,11619.4735695771,12156.2912603421
8,27,11317.4121319785,11721.1456256222,11818.5937803231,12598.3790141252
9,27,11423.471193761,11926.2922560818,12556.6596300883,13586.8086478662
1,28,9399.78226936915,9645.56035334505,12428.6597714313,13143.7587663693
2,28,9491.43475031634,9708.4361747782,12193.2191782087,12879.4012252351
3,28,9611.11334219286,9803.55263328422,11992.7082708116,12631.6619867008
4,28,9773.41355021302,9927.79600180028,11820.620944234,12421.5966278812
5,28,9943.86197839511,10158.9701547345,11671.1254152156,12241.4358461906
6,28,10176.8684782464,10522.3623822567,11540.835255048,12085.3143409317
7,28,10532.0090598046,11137.5494653423,11425.594251358,11948.7441145527
8,28,11132.4133855004,11521.2959201168,11619.4735697555,12401.2271199928
9,28,11231.3138764408,11721.1456256806,12361.784254059,13358.8768783535
1,29,9236.69214633981,9473.54300046668,12231.9014102679,12930.2756077804
2,29,9327.65058381741,9535.94796092846,11997.760194012,12667.8301120053
3,29,9446.41985929976,9630.28846858348,11799.0053920138,12423.3304101776
4,29,9607.47193629586,9753.51755951281,11628.4041167265,12215.2453065186
5,29,9773.41355008937,9986.03445620808,11480.4778882,12036.7605337903
6,29,10004.5735834212,10346.2922805931,11351.0183753456,11881.784230847
7,29,10356.8109021052,10956.0961341174,11236.7691899327,11746.7776960794
8,29,10952.24241081,11326.7814926776,11425.5942514653,12209.2022476357
9,29,11044.1809380883,11521.2959201168,12171.9124169315,13137.0149661017
1,30,9077.90837638974,9306.20120797245,12039.3357284824,12722.3545518799
2,30,9168.18256959688,9368.14072752747,11807.284359908,12463.4884966606
3,30,9286.05745100721,9461.71849958876,11610.2616768878,12220.4845475575
4,30,9445.87996079757,9583.95100163447,11441.163024164,12014.3476422465
5,30,9607.47193600446,9817.69687088682,11294.4565429297,11837.5104121807
6,30,9836.81274819232,10174.8694664923,11166.0992267811,11684.2489232802
7,30,10186.191341113,10779.3851168054,11052.8254570012,11550.1849601988
8,30,10776.7274869862,11137.4091335559,11236.7691899414,12022.1211964935
9,30,10861.8985698023,11326.7814920147,11986.868441988,12921.004636862
1,31,8923.28115216927,9143.36599224831,11851.6124521184,12519.7982123055
2,31,9012.88178434143,9204.84595745716,11621.6224346093,12263.622209114
3,31,9129.87579018205,9297.67518919222,11426.3074830216,12022.9308340165
4,31,9286.05745104698,9421.42282980124,11258.6130610479,11818.7090336789
5,31,9445.87996056068,9653.78965823189,11113.1839408369,11643.53060186
6,31,9673.42451434801,10007.9279052549,10985.9103527311,11491.6238003333
7,31,10019.9892385626,10607.2500818478,10873.5940872839,11358.7752905296
8,31,10605.7099699687,10952.9989536601,11052.8254576217,11839.8135775568
9,31,10684.2983840321,11137.4091334162,11806.4893178203,12710.6394431918
1,32,8772.66570267,8984.87701258565,11668.5663375021,12322.4190433281
2,32,8861.60348925832,9045.90154392677,11440.6101411377,12068.8954944891
3,32,8977.72778892734,9137.99487710054,11246.9771489371,11830.4806635097
4,32,9129.87579018935,9263.6982647124,11080.7025445039,11628.1428545778
5,32,9288.48683988709,9494.15913923676,10936.4953991627,11454.5157554091
6,32,9514.26094762993,9845.31302157645,10810.2873308835,11304.018715027
7,32,9858.0529424816,10439.5294427063,10698.9159112258,11172.3640497608
8,32,10439.0345808459,10773.3713456873,10873.5940877631,11662.1088048661
9,32,10511.2212057309,10952.9989543334,11630.6142674617,12505.7199596702
1,33,8625.92401110784,8830.57849799034,11490.0396766885,12130.0352091135
2,33,8714.20909155084,8891.15401223164,11264.0900934894,11879.1296479233
3,33,8829.4771584615,8982.52341559082,11072.1165195674,11642.9559702867
4,33,8977.72778881036,9110.06935893836,10907.241548793,11442.4739860051
5,33,9135.14292051612,9338.65361646512,10764.2379741893,11270.4134102244
6,33,9359.17386215223,9686.87095771018,10639.0787559425,11121.2603434524
7,33,9700.23321275045,10276.0774635422,10528.6296991362,10990.778841
8,33,10276.5552657259,10598.3739578719,10698.9159115377,11488.8630933863
9,33,10342.5121976891,10773.3713460311,11459.096974155,12306.0578658628
1,34,8482.92526455447,8680.32371817136,11315.8827161443,11942.4749950827
2,34,8570.5663296925,8740.45609349206,11091.4603956732,11694.1532040897
3,34,8684.99106094392,8831.11349338662,10901.5755654467,11460.1865526223
4,34,8829.47715866204,8960.39514779194,10737.7903179409,11261.5304385568
5,34,8985.71369900748,9187.13456049732,10596.2585721445,11091.0103059985
6,34,9208.02617565969,9532.46287803201,10472.1312383895,10943.1780985924
7,34,9546.39323054419,10116.7407201068,10362.5949881787,10813.8487365391
8,34,10118.123368957,10427.8315593609,10528.6296992019,11319.9093489833
9,34,10178.0246738113,10598.3739578719,11291.7778552429,12111.4713431492
1,35,8343.54057666375,8533.97330535827,11145.9483465476,11759.5750783795
2,35,8430.54868770686,8593.66560153292,10923.9317956663,11513.8007666671
3,35,8544.14072733796,8683.62378020593,10735.2089736331,11281.5419021812
4,35,8684.99106056332,8814.53968865788,10573.0735155317,11085.1499964877
5,35,8840.06495510993,9039.46105105684,10432.4188463213,10915.847083351
6,35,9060.68005224594,9381.94710989784,10309.3065946287,10769.615375162
7,35,9396.39362703341,9961.37945128455,10200.670069659,10641.4185414098
8,35,9963.61048363854,10261.4294942678,10362.5949879152,11155.1131174719
9,35,10017.6271194269,10427.8315597537,11128.5334651364,11921.7772974177
1,36,8207.6507884204,8391.39099309723,10980.0998698039,11581.1762151659
2,36,8294.03473548656,8450.65008283294,10760.0114508653,11337.9176585221
3,36,8406.80702680153,8539.91888005846,10572.8816852631,11108.2670361216
4,36,8544.14072733988,8672.37244549189,10412.0864924967,10913.1789127294
5,36,8698.06918907235,8895.50385774402,10272.5804916052,10745.6659044904
6,36,8917.0118254385,9235.1915743206,10150.468798233,10600.4139011732
7,36,9250.1096937657,9809.86722852716,10042.6603928319,10473.3308988249
8,36,9812.88646577834,10099.5337830527,10200.6700696573,10994.3303625233
9,36,9861.15878957325,10261.4294944111,10969.2199194162,11736.8350872284
1,37,8075.13944330064,8252.44836206172,10818.203945449,11407.1279391702
2,37,8160.90811277438,8311.27842448402,10600.0184297049,11166.3513819159
3,37,8272.8710297377,8399.86940204649,10414.459433924,10938.8108294516
4,37,8406.80702690566,8533.76870614789,10254.987006959,10745.4657450287
5,37,8559.6046364414,8755.13668180757,10116.613418037,10579.4214866938
6,37,8776.89731779513,9092.07088899461,9995.48628520221,10435.4277863972
7,37,9107.41836602095,9662.0677769576,9888.5976738679,10309.4386867805
8,37,9665.81916274762,9941.30918241483,10042.6603932829,10837.4298021096
9,37,9708.51559892846,10099.5337833303,10813.7144878772,11556.4599383825
1,38,7945.89543585709,8117.02181699249,10660.1332109959,11237.2854931426
2,38,8031.05704130429,8175.4273215322,10443.8254213143,10998.9581448803
3,38,8142.22208866421,8263.35141425929,10259.8167992702,10773.4970716431
4,38,8272.87102990823,8398.60945316769,10101.6484404505,10581.8701468066
5,38,8424.55429233641,8618.23882611477,9964.39252812703,10417.2708272002
6,38,8640.22003942439,8952.46360679533,9844.23416345871,10274.5147765413
7,38,8968.20054385723,9517.86157985217,9735.85029092444,10149.6020853443
8,38,9522.29701973822,9787.33560956748,9888.59767387076,10684.2868290249
9,38,9559.56502151979,9941.30918231923,10661.892690674,11380.5074680319
1,39,7819.80994898707,7984.99291696622,10505.7631905761,11071.5101174296
2,39,7904.37438542132,8042.97810161337,10291.3103287655,10835.5995856143
3,39,8014.75292676662,8130.24640832013,10108.8322724966,10612.1886212811
4,39,8142.22208859251,8266.77965571095,9951.95025519329,10422.2542127177
5,39,8292.80551316512,8484.69946006712,9815.79292997046,10259.0783630519
6,39,8506.86798711726,8816.25245753303,9696.59345064509,10117.5387948148
7,39,8832.3433269943,9377.13032476602,9591.39834403943,9993.68582727618
8,39,9382.20194394213,9636.94223225573,9735.85029118684,10534.7756404644
9,39,9414.18787651773,9787.33560897525,10513.6338313653,11208.8312459443
1,40,7696.78259713633,7856.24831093049,10354.514941484,10909.6689443072
2,40,7780.75761462777,7913.81929666703,10142.356204835,10676.1453513241
3,40,7890.35989556415,8000.44074328627,9961.38848945079,10454.7538785292
4,40,8014.75292678736,8138.17035518737,9805.77541928442,10266.4869454053
5,40,8164.25122414769,8354.40423715255,9670.7028264883,10104.7131660114
6,40,8376.72888151599,8683.33185109922,9552.44307745064,9964.37426628413
7,40,8699.73927488186,9239.75982307543,9447.89538277843,9841.55931996087
8,40,9245.42435948954,9490.18779059346,9591.39834403943,10388.7814236008
9,40,9272.26834621123,9636.94223225573,10368.8283651936,11041.2923309977
1,41,7265.1555759822,7731.24472411803,9824.66775802092,10751.6345374624
2,41,7347.01210150062,7787.84003060737,9618.64260016139,10519.9879887602
3,41,7453.8225334738,7873.82521363459,9443.11719116835,10301.0664186379
4,41,7598.39600634955,7986.0843885087,9292.07166403993,10114.4434135196
5,41,7803.69207255037,8138.17035537475,9160.89784376584,9954.05100792757
6,41,8115.5305764041,8354.40423703422,9045.99857568349,9814.89269160628
7,41,8570.27842510135,8757.38515262213,8944.6235202129,9693.10421970121
8,41,8854.233049857,9239.75982303056,9447.89538289235,9875.66557466082
9,41,8773.82356205248,9490.18779074363,10227.3652156497,10453.2489015034
1,42,6869.78406521475,7290.55928126624,9337.00217584323,10196.2049318639
2,42,6949.62717091896,7346.23180070903,9137.27599784115,9973.51663491552
3,42,7053.778205114,7429.93780084356,8966.94580040061,9761.27075456263
4,42,7194.67889001938,7539.19099695828,8820.31023223365,9580.55049502109
5,42,7394.62497580852,7687.1285187441,8692.79214907698,9425.11350457528
6,42,7698.16838064042,7897.31471085343,8581.12120277737,9290.18522835182
7,42,8115.53057622401,8314.87117470095,8482.53978689966,9172.04110397504
8,42,8394.90269383456,8757.38515301423,8944.62352039819,9404.29845275755
9,42,8316.30680596558,8974.9600255763,9729.69069308402,9913.9519018508
1,43,6506.70291054181,6887.98940422799,8887.41795463483,9685.94412864055
2,43,6584.6282833665,6942.2322223161,8693.70907292921,9471.34015302041
3,43,6686.24364191224,7023.77930688308,8528.34565412575,9265.88986547394
4,43,6823.63999913531,7130.18260300453,8385.814446589,9090.77784890099
5,43,7018.48638377982,7274.18379612381,8261.88817405454,8940.09903089779
6,43,7314.15099029882,7478.63601222044,8153.27180849143,8809.11979293198
7,43,7698.1683804018,7907.86023382313,8057.12413422925,8694.46174486876
8,43,7972.0901112403,8314.8711741894,8482.53978692169,8970.15551900967
9,43,7895.77850680768,8503.35291533673,9271.83156913817,9418.65745273679
1,44,6172.47567608434,6518.7956687687,8471.95326370407,9215.94577250939
2,44,6248.57103881381,6571.66034698495,8283.99439565275,9009.04731410488
3,44,6347.76439963667,6651.15927523585,8123.38310382947,8810.060080521
4,44,6481.81369139,6754.85465574444,7984.83025658097,8640.28429671299
5,44,6671.79767682539,6895.11535142114,7864.28410429804,8494.01979665322
6,44,6959.9719640786,7094.12607486323,7758.58076053766,8366.90089622846
7,44,7314.15099041318,7532.58391318349,7665.21316012322,8255.52497601677
8,44,7582.18822523982,7907.86023383028,8057.12413406059,8569.31265782012
9,44,7507.88410089747,8069.83052351548,8841.61423472828,8970.15551807376
1,45,5864.10753329907,6179.36473217722,8086.78191439788,8781.95818523746
2,45,5938.4554206658,6230.90019655856,7904.68887317383,8582.40493673321
3,45,6035.33316912198,6308.45303385208,7748.28378902845,8389.57011371954
4,45,6166.18370347975,6409.57232677642,7613.88707954127,8224.88001750399
5,45,6351.52477229972,6546.27365832081,7496.5733446682,8082.87451530103
6,45,6632.5700964059,6740.11168548081,7393.65064617587,7959.37316736543
7,45,6959.97196427761,7185.75711940771,7302.7115730167,7851.1142482936
8,45,7221.82382051266,7532.5839127274,7665.21316011848,8198.35891105855
9,45,7149.43621743905,7670.54863500533,8430.81172010115,8569.31265760681
1,46,5578.98551103426,5866.56342995891,7729.98848392134,8380.2893160007
2,46,5651.66137406484,5916.81634863384,7552.78106412703,8187.36006494713
3,46,5746.32256837295,5992.51560628009,7401.08150155731,8000.76196788136
4,46,5874.11041648694,6091.17997135802,7269.99238998838,7840.57072681196
5,46,6055.01872182173,6224.4888197436,7155.77814343378,7702.98085540305
6,46,6329.27750850093,6413.40751770054,7055.51785276022,7582.92971597533
7,46,6632.57009642464,6864.52334467264,6966.89351360443,7477.63999341131
8,46,6888.04896871347,7185.75711913482,7302.71157309094,7854.31020401415
9,46,6817.46761759635,7301.9413887774,8049.99505936609,8198.35891161253
1,47,5314.81743274327,5577.65903832511,7397.81252617495,8007.71516364919
2,47,5385.89180231599,5626.67272535074,7225.62718286342,7821.83706600418
3,47,5478.42909218781,5700.60489626176,7078.10779913942,7640.44336191406
4,47,5603.28583146343,5796.92678547907,6950.52553042284,7485.23840415582
5,47,5779.95491151672,5927.00137636315,6839.28291067615,7351.17904797129
6,47,6047.74674219478,6111.23316489628,6741.5741189809,7234.42035263798
7,47,6329.27750863211,6566.36518881219,6655.16966465318,7131.96099578995
8,47,6578.27214478578,6864.52334438779,6966.89351410749,7534.55260239576
9,47,6509.42319610371,6960.89401929042,7696.27250671968,7854.31020352135
1,48,5069.58536853558,5310.26361701352,7088.28301457958,7661.41404395977
2,48,5139.12489180796,5358.07719057392,6920.89747906134,7481.89303393614
3,48,5229.6251228916,5430.3220024383,6777.38616179616,7305.81900363089
4,48,5351.67086808387,5524.4059002661,6653.16972725503,7155.04158617996
5,48,5524.28782494641,5651.39006351484,6544.78399946247,7024.69519726209
6,48,5779.9549117213,5837.22099220998,6449.52365353461,6911.08735018601
7,48,6047.74674173017,6289.08465792372,6365.24343989519,6811.33246980756
8,48,6290.21336750124,6566.36518862674,6655.16966448826,7236.78266736875
9,48,6223.02104315179,6644.68212670489,7367.06786517721,7534.55260334351
1,49,4841.51142190261,5062.27844969549,6799.3351030602,7338.90279379919
2,49,4909.57720979483,5108.93138758911,6636.53426427703,7165.43909985702
3,49,4998.12263700263,5179.56199044563,6496.86705170547,6994.43381782796
4,49,5117.47297550697,5271.50524620617,6375.88520768424,6847.88954688325
5,49,5286.20897880112,5395.53712721854,6270.24340217948,6721.10008793957
6,49,5524.28782487358,5589.00547667109,6177.32235788973,6610.50685301087
7,49,5785.91255991921,6030.73086799763,6095.09709524579,6513.34044044427
8,49,6021.85713517068,6289.08465776401,6365.24343967347,6958.96716615318
9,49,5956.24510422363,6350.90866086259,7060.10732721543,7236.78266797973
1,50,4629.01979175562,4831.8565162484,6529.13633109026,7037.99223259781
2,50,4695.66995220591,4877.38426059524,6370.71382050638,6870.29744888094
3,50,4782.33670663733,4946.46994154835,6234.44591517857,6704.12266403865
4,50,4899.10139401638,5036.36280433534,6116.86061453384,6561.62638087174
5,50,5064.12063942588,5157.56944872532,6013.85884585002,6438.24464040623
6,50,5286.20897864034,5357.49520410678,5923.21690724949,6330.54416867245
7,50,5541.95004051872,5789.58082570414,5842.81015563422,6235.84183273495
8,50,5771.41483458123,6030.730867488,6095.09709556985,6699.3073156735
9,50,5707.33451920553,6077.4609531148,6773.40380090639,6958.96716595412
1,51,4430.71244401689,4617.36519369096,6276.0583689102,6756.7440121445
2,51,4496.0012115334,4661.80235769267,6121.81494491033,6594.54382237738
3,51,4580.86184288253,4729.40693398962,5989.36698190523,6432.97090684694
4,51,4695.14180887099,4817.33517538918,5873.16824016162,6294.05587398977
5,51,4856.60060188662,4935.83516866613,5774.02547089219,6174.23192264726
6,51,5064.12063931784,5141.19673107987,5685.56341373706,6069.30739139511
7,51,5314.24257858763,5564.10694418362,5607.17319477247,5976.99968155491
8,51,5537.30124989857,5789.58082545633,5842.81015575057,6456.20042536625
9,51,5474.67266738637,5822.47269386982,6505.14164128262,6699.30731546326
1,52,4245.34471836172,4417.35935064222,6038.64926057819,6493.4387758327
2,52,4309.32339276203,4460.73722484958,5888.39315800275,6336.47006734269
3,52,4392.44654414135,4526.92072179111,5759.33286479331,6179.28052253769
4,52,4504.33927587197,4612.96404686798,5647.32473073827,6044.36220402047
5,52,4662.38378381779,4728.87168382424,5549.31475509529,5926.04112633806
6,52,4856.60060189696,4938.77952507104,5462.95333386421,5825.12132869406
7,52,5101.35238190147,5352.94707495123,5386.38167610604,5735.09967158117
8,52,5318.1001244249,5564.10694393948,5607.17319474373,6228.22196246109
9,52,5256.87423343229,5584.2837792849,6253.75996923211,6456.2004244377
1,53,4071.80517584877,4230.55171012289,5815.61038279985,6246.54235186743
2,53,4134.52203048843,4272.90166852535,5669.15675801213,6094.55627371632
3,53,4215.97231885818,4337.72009285752,5543.12767301999,5941.54057975554
4,53,4325.57001786218,4421.95330384828,5434.099188021,5810.16639361605
5,53,4480.33849902318,4535.37424681359,5338.4484856251,5696.19248306845
6,53,4662.38378381732,4749.05739288689,5254.11393399235,5596.49412392217
7,53,4901.99993009341,5154.8863840872,5179.29475332067,5508.67062141474
8,53,5112.54458270151,5352.94707475266,5386.38167612639,6014.1006181983
9,53,5052.67650687963,5361.42076618906,6017.84074866711,6228.22196260985
1,54,3909.10061168375,4055.7982961926,5605.77897579669,6014.68767294244
2,54,3970.60107743274,4097.14907078977,5462.94971553448,5867.44660095846
3,54,4050.44001529566,4160.65512410618,5340.24624863291,5718.40412555188
4,54,4157.8297028341,4243.14897961949,5233.66056198385,5590.20123842296
5,54,4309.45345725296,4354.18302741337,5140.28376397345,5479.33205688775
6,54,4480.33849927771,4570.97167749199,5057.90278701364,5382.09695467572
7,54,4715.04104402568,4968.8349009355,4984.77806185814,5296.3876051624
8,54,4919.50494477952,5154.88638414633,5179.29475318776,5812.69250073113
9,54,4860.93219915585,5152.57070839446,5796.09881318966,6014.10061815977
1,55,3756.33906252753,3892.07464024875,5408.10901407642,5796.64798660113
2,55,3816.66643694801,3932.45358367821,5268.73314025054,5653.9264443552
3,55,3894.95206116883,3994.69703068702,5149.0083695928,5508.66520178929
4,55,4000.21662399952,4075.51797839801,5044.9783615196,5383.92328244862
5,55,4148.81989236201,4184.25978655369,4953.79340220974,5275.60519997788
6,55,4309.45345725373,4403.56829953633,4873.29888532376,5180.73955738335
7,55,4539.4483387094,4793.81973258884,4801.80795013278,5097.06816786615
8,55,4737.96283126902,4968.83490097502,4984.77806211054,5622.97456608216
9,55,4680.64644022635,4956.55425641735,5587.41643798747,5812.69255292091
1,56,3612.71881507799,3738.46362414978,5221.65837515341,5591.32215334476
2,56,3671.91391876863,3777.8973832185,5085.57143819796,5452.90714952005
3,56,3748.70166309977,3838.924828589,4967.51504605923,5311.24302393511
4,56,3851.91959582869,3918.13595847802,4867.12506199466,5189.60117707374
5,56,3997.62001302058,4024.67473544307,4778.05286541302,5083.94164114257
6,56,4148.81989249351,4245.99247614533,4699.38058796772,4991.35599188419
7,56,4374.30393463212,4628.96070390516,4629.46834110719,4909.647572758
8,56,4567.00240197825,4793.81973243947,4801.8079500914,5444.02522490065
9,56,4510.90529228047,4772.31812954966,5390.76978932685,5622.97456625111
1,57,3477.5181418247,3594.14233399143,5045.57698624231,5397.71932716844
2,57,3535.61981726821,3632.656148284,4912.62133292303,5263.40929677528
3,57,3610.9620306741,3692.51181426935,4798.06055422777,5125.16637031093
4,57,3712.20792983825,3770.17250408117,4699.26467425385,5005.28624713704
5,57,3851.91959580255,3877.82830666015,4612.23016755034,4903.37988980051
6,57,3997.62001306052,4097.47395869434,4535.31682542098,4812.98870344258
7,57,4218.7787933623,4473.46600020305,4466.84474546239,4733.17189169912
8,57,4405.79850279854,4628.96070380622,4629.46834110719,5275.0124157346
9,57,4350.86878089864,4598.91519098727,5205.22016217955,5444.0252249594
1,58,3350.08495452701,3458.36973734747,4879.09510839613,5214.94477578239
2,58,3407.12995394624,3495.98736971193,4749.11955134885,5084.54910692822
3,58,3481.07686818538,3554.71298133161,4637.58652129812,4949.55915030428
4,58,3580.42224307888,3630.87984271094,4540.64231804536,4833.2896102076
5,58,3712.2079298207,3741.79654503764,4455.56999293993,4733.05353763533
6,58,3855.11821655515,3957.31685818273,4380.35691936487,4644.77353187153
7,58,4072.12513232254,4326.62103989927,4313.44818139099,4566.78194009659
8,58,4253.60500327598,4473.46600026275,4466.84474552171,5115.18422740839
9,58,4199.8190684122,4435.49152911819,5029.96062021147,5275.01241512572
1,59,3229.82909212832,3330.47744065557,4721.5144367976,5042.18904486509
2,59,3285.85261019743,3367.22174124204,4594.3745773452,4915.52824169387
3,59,3358.45107098019,3424.85698273237,4485.33758059484,4783.63078436027
4,59,3455.96323592918,3499.58330880189,4390.5719181865,4670.4897913308
5,59,3580.42224315056,3613.32966956141,4307.39274257119,4572.17990633008
6,59,3720.64636551235,3824.89121322273,4233.82136727328,4485.93399148495
7,59,3933.66730177003,4187.77815645495,4168.34118553318,4409.70187012934
8,59,4109.74626917077,4326.62104006664,4313.44818126422,4963.85941851768
9,59,4057.05964535644,4281.27678347983,4864.21387760166,5115.18422711533
1,60,3116.21532445992,3209.8618189112,4572.20007785496,4878.71871698843
2,60,3171.25101058535,3245.7544562718,4447.75810616442,4755.6236861146
3,60,3242.54685137412,3302.33674647169,4340.92470065822,4626.66547107478
4,60,3338.29057934095,3375.67415682865,4248.43414007362,4516.10949356201
5,60,3455.9632358829,3491.86806199677,4167.07777437088,4420.05353283798
6,60,3593.60384567579,3699.62629097662,4094.79144515159,4335.76345677883
7,60,3802.79349149045,4055.83480238573,4031.50442405325,4261.22973174506
8,60,3973.61150463042,4187.77815659969,4168.34118553318,4818.47915384351
9,60,3921.99078417333,4135.57412274146,4707.30663421943,4963.85941892732
1,61,3008.75861706645,3095.97556636134,4430.57492172712,4723.86677847666
2,61,3062.83788449301,3131.03795010671,4308.69870987545,4604.17929147273
3,61,3132.87486536947,3186.60270647117,4204.3295422835,4478.01418603458
4,61,3226.91157453498,3258.59911127194,4113.66421108154,4369.74091684992
5,61,3338.2905794665,3376.90024485717,4034.06420561425,4276.03179536405
6,61,3473.44169818314,3581.00273454626,3963.54344822042,4193.6255663062
7,61,3678.94790531977,3924.10945317547,3908.45451082825,4120.42430271947
8,61,3844.64197486508,4055.83480266319,4031.50442413284,4666.31736265295
9,61,3794.04054756371,3997.74979122374,4558.59963246693,4818.4791538426
1,62,2907.01645975609,2988.32198587347,4295.96845050228,4577.02588239605
2,62,2960.1699226018,3022.57421957453,4176.67551053057,4460.59704922622
3,62,3028.98903830072,3077.15579813666,4074.48559738322,4337.08668651463
4,62,3121.37695209858,3147.8567658312,3985.74698000228,4231.3547777838
5,62,3226.91157453498,3267.96276909536,3907.83935790359,4139.53279567742
6,62,3359.66420827494,3468.54888043315,3838.86822051077,4058.93922812698
7,62,3561.62594732123,3799.20769137615,3791.67927860011,3987.55434512537
8,62,3722.32726673098,3924.109456609,3908.45451093146,4522.05799779692
9,62,3672.72764879083,3867.23185752912,4417.54970980026,4666.31736270682
1,63,2810.58609788272,2886.45071131282,4168.32702174701,4437.6431800489
2,63,2862.84282216933,2919.91165421592,4051.21254038251,4324.18841096542
3,63,2930.48365139694,2973.54213696743,3951.10436138495,4203.34527006011
4,63,3021.27911965406,3042.99186686597,3864.21451366449,4099.862576397
5,63,3121.37695196621,3164.63252798498,3787.93622052949,4010.02783465853
6,63,3251.81804405621,3361.83390954711,3720.39510766414,3931.17770873204
7,63,3450.36684416601,3680.65275855088,3680.74651049682,3861.38806146308
8,63,3606.20817039528,3799.20768800183,3791.6792784018,4385.15763144303
9,63,3556.95854694938,3743.50163931481,4282.54053780081,4522.05799786333
1,64,2719.09960824328,2789.94954046698,4046.78089585266,4305.21137320276
2,64,2770.48746455796,2822.63831436656,3931.87432042508,4194.88987986627
3,64,2836.9878535593,2875.34846227929,3833.7543669417,4076.29943433671
4,64,2926.24395566973,2943.58868736624,3748.63731185011,3974.96333911618
5,64,3021.27911957299,3066.52355139844,3673.92767592849,3887.03282684557
6,64,3149.49033233662,3260.46492707758,3607.76731359729,3809.86028289215
7,64,3344.75080309605,3568.0083740959,3575.26197983312,3741.54247919718
8,64,3495.86164324335,3680.65275857818,3680.74651062321,4255.12253962891
9,64,3448.17480930449,3626.0800912215,4156.35777959492,4385.15763140354
1,65,2632.22058378419,2698.44454541962,3931.06786231178,4179.26814217207
2,65,2682.76610769223,2730.37852616691,3818.26152708015,4071.8126860326
3,65,2748.16228781061,2782.19761003288,3722.04026238977,3955.50068196509
4,65,2835.93012869114,2849.26814824858,3638.6231178699,3856.21299919296
5,65,2926.24395578106,2973.28197937588,3565.4236202712,3770.10748862617
6,65,3052.30342932829,3164.08134954918,3500.59623223923,3694.54840783535
7,65,3244.39342040871,3460.87716510862,3474.86297230732,3627.65087288859
8,65,3390.90164404513,3568.00837410017,3575.26197981281,4131.49905723015
9,65,3344.12752468048,3514.53338400775,4035.30626462885,4255.12253962891
1,66,2549.64077492171,2611.59245269063,3820.81569594724,4059.38792423561
2,66,2599.3694174747,2642.78886857507,3710.00756236208,3954.68443083058
3,66,2663.69570336468,2693.74497764519,3615.59896148717,3840.53836706826
4,66,2748.16228781737,2761.56186797374,3533.81163053987,3743.20522622373
5,66,2835.930128642,2884.58574774238,3462.06430320266,3658.84804187844
6,66,2959.91252289701,3072.35367596263,3398.52469889834,3584.84016588903
7,66,3148.94380448692,3358.89387315967,3379.21801337893,3519.31294303633
8,66,3290.9706357165,3460.87716510862,3474.86297264341,4013.87431595547
9,66,3245.08345214271,3408.46371311139,3920.07248171462,4131.49905358605
1,67,2471.07731404507,2529.0795736972,3715.68172680246,3945.18031293127
2,67,2520.01353407118,2559.55507140122,3606.77521390898,3843.12232714887
3,67,2583.30331356823,2609.67501575929,3513.90118566126,3731.03566488469
4,67,2663.69570337086,2679.09885597181,3433.87243456356,3635.5678175892
5,67,2750.02426261831,2800.13661218401,3363.52213383979,3552.88506876717
6,67,2871.99939912891,2984.97873348439,3301.22555996971,3480.36949257811
7,67,3058.07919000647,3261.72463305803,3288.02134312642,3416.16300099538
8,67,3195.74417251853,3358.8938702088,3379.21801338671,3901.86480887235
9,67,3150.71964714173,3307.5104772355,3810.29046929841,4013.87431595547
1,68,2396.27069126151,2450.61903122843,3615.35046151221,3836.28681170684
2,68,2444.43775564417,2480.38908090892,3508.25398090199,3736.77443137431
3,68,2506.72279030414,2529.69843918586,3416.75171081351,3626.64633987718
4,68,2583.30331352207,2600.54402395228,3338.50025316969,3532.75959381287
5,68,2668.23926635573,2719.66194532161,3269.4944184423,3451.87893421118
6,68,2788.27463161864,2901.67960504567,3208.39625462224,3380.79778585647
7,68,2971.50384952259,3169.06158084245,3200.99274790924,3317.86485787042
8,68,3104.92313729414,3261.72463002066,3288.02134362484,3795.11809238607
9,68,3060.73599692571,3211.33916972388,3705.61974441151,3901.86480887235
1,69,2324.9815432746,2375.94587474583,3519.53005639966,3732.37552981189
2,69,2372.40210482156,2405.02602674958,3414.15732488799,3635.31620372547
3,69,2433.71283063322,2453.54947519838,3324.71065651064,3527.05157450002
4,69,2506.72279032884,2525.64836670447,3247.4158814109,3434.57913669863
5,69,2590.3099425669,2642.91066941042,3179.70257427034,3355.51872142973
6,69,2708.47065393733,2822.1991186216,3119.76045449913,3285.81530546377
7,69,2888.94398115713,3080.62221138812,3117.8732843662,3224.11140917463
8,69,3018.2336972997,3169.06158374911,3200.99274792052,3693.30745746494
9,69,2974.85834428312,3119.64337884729,3605.7481646992,3795.11809236487
1,70,2256.98993007516,2304.81801442808,3427.9513143257,3633.14174003091
2,70,2303.68549506639,2333.22294614001,3324.22055558932,3538.44887175233
3,70,2364.05103002257,2380.98379752704,3236.28092481283,3431.95755132168
4,70,2433.71283063264,2454.18410625962,3160.36006562308,3341.58821894484
5,70,2515.99423612128,2569.65199586019,3093.889071695,3263.51609040868
6,70,2632.341277497,2746.30093300073,3035.0626407541,3195.1368078584
7,70,2810.14961847943,2996.14630652692,3038.42394746354,3134.61786209789
8,70,2935.41802505041,3080.62221410548,3117.87328444465,3596.13643190332
9,70,2892.83345892714,3032.13970974337,3510.38669183658,3693.3074575008
1,71,2192.09256428012,2237.01199686726,3340.36466308215,3538.30331662264
2,71,2238.08385768655,2264.75551535187,3238.1987097257,3445.89584277504
3,71,2297.53238224681,2311.77636154229,3151.69863647643,3341.09297226919
4,71,2364.05102998202,2385.94028924736,3077.09406891223,3252.27065624644
5,71,2445.06739313942,2499.6717427805,3011.8172690308,3175.60680236543
6,71,2559.65890075107,2673.76740352894,2954.06637002271,3108.49997631161
7,71,2734.88944994298,2915.39317423876,2962.42452776983,3049.12251750267
8,71,2856.24568922433,2996.1463065927,3038.42394739178,3503.32313376872
9,71,2814.42707048633,2948.57249821382,3419.267245694,3596.13643192275
1,72,2130.10177765949,2172.32102743287,3256.45854734933,3447.59845436457
2,72,2175.40869578942,2199.41726573132,3155.77305588544,3357.40163347965
3,72,2233.96722644022,2245.71971227513,3070.74015163225,3254.20708714534
4,72,2297.53238220436,2320.72263721748,2997.39639714952,3166.86149419478
5,72,2377.32277582976,2432.77252314786,2933.26778757551,3091.54601639675
6,72,2490.21458260465,2604.396733534,2876.55366951379,3025.66149268165
7,72,2662.94929910358,2838.14134242815,2889.67041743606,2967.38445175814
8,72,2780.49942813605,2915.39317419872,2962.42452750843,3414.61070045966
9,72,2739.42487902357,2868.69836754117,3332.14354847464,3503.32313376797
1,73,2070.84397163646,2110.5555187066,3176.25942318343,3360.78594136368
2,73,2115.48564595357,2137.01744333602,3076.92149095992,3272.64832151898
3,73,2173.17991610202,2182.62225005802,2993.19796352057,3170.97499692572
4,73,2233.96722642759,2258.35092174365,2920.95601319099,3085.13209904318
5,73,2312.56880947939,2368.77299052804,2857.93807674844,3011.10792570785
6,73,2423.81463158512,2538.0026888268,2802.32223025055,2946.39698018303
7,73,2594.1317141836,2764.18474538358,2819.97329540004,2889.18041571649
8,73,2707.97633413704,2838.14134245174,2889.6704172802,3329.76270604038
9,73,2667.62600979472,2792.29679320502,3248.78444991555,3414.6107005056
1,74,2014.15850240501,2051.53950305857,3099.3269672398,3277.64132300698
2,74,2058.15341399471,2077.37971971251,3001.43455377633,3191.65979254352
3,74,2115.00826662903,2122.30682283519,2918.87996970499,3091.37167052677
4,74,2173.17991607926,2198.6581707617,2847.902131537,3006.87080229152
5,74,2250.62874267124,2307.50272473273,2785.93535175104,2933.97560149322
6,74,2360.27847627765,2474.41228433953,2731.18494866641,2870.4010721799
7,74,2528.25332967135,2693.33441033709,2753.15662876149,2814.30441092916
8,74,2638.49242775865,2764.18474549574,2819.97329516137,3248.55554162727
9,74,2598.8429574961,2719.16569241558,3168.97375191701,3329.7627061194
1,75,1959.89640140949,1995.10995874118,3025.55612398866,3197.95600177358
2,75,2003.26212305996,2020.34076453719,2928.96082841495,3113.98857552203
3,75,2058.15341396216,2065.76443436613,2847.60715768258,3015.18275145604
4,75,2115.00826672069,2141.49085813751,2777.73808279799,2931.8807188849
5,75,2191.33887523826,2248.80535058051,2716.78984906508,2860.27651649677
6,75,2299.44119496783,2413.46534616219,2662.96787879625,2797.77699132189
7,75,2465.1445644459,2625.41291806511,2689.05869701845,2742.56517286867
8,75,2571.87367526128,2693.33441031106,2753.15662898333,3170.78466277225
9,75,2532.90807559111,2649.11391930217,3092.51659368174,3248.55554162727
1,76,1907.91884095593,1941.11581312104,2954.77367397466,3121.53603396809
2,76,1950.67273276459,1965.7492436217,2859.41814470325,3039.5261843831
3,76,2003.26212305139,2012.05134885111,2779.21308923518,2942.05162608893
4,76,2059.30139886064,2086.70463891683,2710.40685241182,2859.97942097409
5,76,2134.54606373059,2192.53533577393,2650.43696043676,2789.50954903108
6,76,2241.1480773543,2355.0130290748,2597.50947418797,2728.04976552497
7,76,2404.64770830833,2560.25729345964,2627.52743072244,2673.78561203339
8,76,2507.83790948216,2625.41291806511,2689.05869732967,3096.30854812156
9,76,2469.65887160561,2581.96763088718,3019.2246562888,3170.78466277225
1,77,1858.09794132018,1889.41814221271,2886.81925248227,3048.20214009254
2,77,1900.25617257728,1913.46530254698,2792.6488788078,2968.09666773831
3,77,1950.67273271133,1960.55484313544,2713.54293090378,2871.89348026273
4,77,2005.91936417148,2034.16630489809,2645.75539263692,2790.99712292839
5,77,2080.10991657148,2138.55723230719,2586.68944328347,2721.61358980642
6,77,2185.25573972315,2298.91659304088,2534.65979895122,2661.15261179119
7,77,2346.61628809655,2497.71507325535,2568.42229119097,2607.80120231981
8,77,2446.61073723076,2560.25729346621,2627.5274306462,3024.78887570212
9,77,2408.94923868129,2517.43383746505,2948.92730801729,3096.30854812642
1,78,1810.31361187549,1839.8857914582,2821.54206510058,2977.78515334259
2,78,1851.89233115533,1863.35791319979,2728.505931726,2899.53495367562
3,78,1900.25617259324,1911.15232617423,2650.30444926961,2804.54725234293
4,78,1954.73230095322,1983.7518979821,2583.64106319317,2724.77549452161
5,78,2027.8989721694,2086.74507458734,2525.5141900853,2656.43283133994
6,78,2131.63100510326,2245.04720489948,2474.13611077766,2596.8949272743
7,78,2290.91438604616,2437.64427408412,2511.61248464161,2544.45861590744
8,78,2387.6774930235,2497.71507332117,2568.42229149317,2956.21996224332
9,78,2350.63908455844,2455.74323414271,2881.46116320266,3024.78887570221
1,79,1764.45482138685,1792.39847375029,2758.77073545147,2910.12895879602
2,79,1805.46912515175,1815.30636744772,2666.85169181089,2833.68820433586
3,79,1851.89233118584,1863.72936143431,2589.80525207484,2739.86278421191
4,79,1905.61903205706,1935.34586168498,2523.93086039684,2661.01860890207
5,79,1977.79090474228,2036.98150399942,2466.67176305415,2593.82208464356
6,79,2080.14980919073,2193.28441399385,2416.23672121119,2535.24182109524
7,79,2237.41511855389,2379.91406648822,2456.97458552935,2483.47157978348
8,79,2331.03462960314,2437.64427420411,2511.61248494496,2890.3921667473
9,79,2294.60144886938,2396.37460727098,2816.6771349824,2956.21996224332
1,80,1720.41766548966,1746.84372236596,2698.4677982389,2845.08730067348
2,80,1760.88228570732,1769.19750485761,2607.55772436284,2770.38134351038
3,80,1805.46912512675,1818.17945489086,2531.47666338124,2677.70010251161
4,80,1858.46696964099,1888.84063768783,2466.5003551106,2600.03481322213
5,80,1929.67185288437,1989.15708956856,2410.0753125418,2533.64580917792
6,80,2030.69654345571,2143.51760998434,2360.4100972282,2475.9505783714
7,80,2186.00060411653,2324.40114716665,2404.39469331895,2425.13860944541
8,80,2276.56182942796,2379.91406649345,2456.9745854882,2827.15983611987
9,80,2240.72242936258,2339.32343608823,2754.44028974634,2890.39216674955
