idx,inf_mu1,sup_mu1,inf_mu2,sup_mu2
1,92.1403303165,115.75165076615,165.412842329932,194.0042408158
2,92.1269597507311,115.764714615058,165.395787166091,194.020987440033
3,92.1134393720636,115.777617205404,165.378578898368,194.037576094781
4,92.0997692327553,115.790358485604,165.361217583108,194.054006724383
5,92.0859493853634,115.802938404119,165.34370327701,194.070279273162
6,92.071979882722,115.815356909469,165.3260360371,194.08639368546
7,92.0578607779821,115.827613950204,165.308215920778,194.102349905578
8,92.0435921235145,115.839709475991,165.290242984612,194.118147879
9,92.0291739748886,115.851643433642,165.272117288656,194.133787548058
10,92.0146063848445,115.863415773138,165.253838889907,194.149268858487
11,91.9998894076379,115.875026443288,165.235407847068,194.16459175465
12,91.9850230976494,115.886475393114,165.216824218982,194.179756181121
13,91.9700075093691,115.897762571872,165.198088064601,194.194762082698
14,91.954842697725,115.908887928721,165.179199443414,194.209609403987
15,91.9395287179732,115.919851412832,165.1601584153,194.224298089546
16,91.9240656242525,115.930652974837,165.140965038874,194.238828085534
17,91.9084534744918,115.941292561915,165.121619376993,194.253199334212
18,91.8926923234431,115.951770124767,165.102121489017,194.267411781681
19,91.8767822272786,115.962085613013,165.082471435894,194.281465372792
20,91.8607232424086,115.972238976377,165.062669278851,194.295360052458
21,91.8445154254037,115.982230164763,165.042715079297,194.309095765752
22,91.8281588333203,115.99205912793,165.022608899235,194.322672457496
23,91.8116535232533,116.00172581594,165.002350800695,194.336090072825
24,91.7949995527247,116.011230178771,164.981940846223,194.349348556695
25,91.7781969792537,116.020572166742,164.961379098344,194.36244785443
26,91.7612458599387,116.029751730936,164.940665619197,194.375387912079
27,91.7441462549267,116.038768819726,164.919800474244,194.388168672708
28,91.7268982216086,116.047623384586,164.898783725961,194.400790082711
29,91.7095018187258,116.056315375977,164.877615438336,194.413252087311
30,91.6919571052347,116.064844744489,164.856295675608,194.42555463182
31,91.6742641403109,116.07321144083,164.834824502275,194.437697661635
32,91.6564229834368,116.081415415747,164.8132019832,194.449681122124
33,91.6384336942666,116.089456620153,164.791428183447,194.4615049588
34,91.6202963328099,116.097335004947,164.769503168508,194.473169117087
35,91.6020109593783,116.105050521069,164.74742700424,194.484673542384
36,91.5835776342936,116.112603119787,164.72519975649,194.496018180442
37,91.5649964173926,116.119992753196,164.70282149064,194.507202977819
38,91.5462673716736,116.127219370573,164.680292275552,194.518227877931
39,91.5273905572516,116.134282924415,164.657612176929,194.529092827697
40,91.5083660357098,116.141183366095,164.634781262142,194.539797772708
41,91.4891938686273,116.147920647329,164.611799598536,194.550342658921
42,91.4698741182512,116.154494719508,164.588667254287,194.560727431803
43,91.450406846589,116.160905534601,164.565384297245,194.570952037489
44,91.4307921162748,116.167153044294,164.54195079604,194.581016421673
45,91.4110299899721,116.173237200583,164.518366819318,194.590920530378
46,91.3911205307479,116.1791579554,164.49463243622,194.600664309467
47,91.3710638018791,116.184915260811,164.470747716134,194.6102477049
48,91.3508598667499,116.190509069114,164.446712728567,194.619670662859
49,91.3305087882258,116.195939333465,164.422527542516,194.628933130377
50,91.3100106322385,116.201206004297,164.398192230344,194.638035051459
51,91.2893654621022,116.206309035001,164.373706861592,194.646976373278
52,91.2685733422607,116.211248378178,164.34907150704,194.655757042102
53,91.2476343375612,116.216023986366,164.324286237964,194.66437700405
54,91.2265485128977,116.220635812399,164.299351125682,194.672836205534
55,91.2053159336117,116.225083809002,164.274266242064,194.68113459276
56,91.1839366652127,116.229367929075,164.249031659175,194.689272112077
57,91.1624107733625,116.233488125704,164.223647449257,194.697248709995
58,91.140738324243,116.237444351797,164.198113685199,194.705064332724
59,91.1189193839093,116.241236560728,164.172430439708,194.712718926992
60,91.0969540189833,116.244864705647,164.146597786197,194.72021243916
61,91.0748422963335,116.248328739797,164.120615798378,194.727544815636
62,91.0525842827565,116.251628616832,164.094484549852,194.734716003277
63,91.0301800456149,116.254764290183,164.068204114926,194.741725948572
64,91.0076296515457,116.257735714345,164.041774567126,194.748574599134
65,90.9849331701211,116.260542841219,164.015195983212,194.755261899682
66,90.9620906683616,116.2631856256,163.988468437176,194.761787798045
67,90.9391022145597,116.265664021347,163.961592004443,194.768152240957
68,90.9159678772319,116.267977982441,163.934566760711,194.77435517522
69,90.8926877250471,116.270127463047,163.907392781852,194.780396547802
70,90.8692618271434,116.272112417201,163.880070144326,194.786276305425
71,90.8456902526929,116.273932799249,163.852598924618,194.791994395125
72,90.821973071161,116.275588563581,163.824979199572,194.797550763919
73,90.7981103522477,116.277079664692,163.797211046314,194.802945358883
74,90.7741021660955,116.278406056978,163.769294542525,194.808178126879
75,90.749948582812,116.279567695208,163.741229765821,194.813249015172
76,90.7256496729521,116.280564534043,163.713016794377,194.818157970809
77,90.7012055071376,116.281396528419,163.684655706438,194.822904941109
78,90.6766161564347,116.282063633168,163.656146580801,194.827489873176
79,90.6518816921365,116.282565803234,163.62748949654,194.83191271418
80,90.6270021845653,116.282902994872,163.598684531636,194.836173412722
81,90.6019777075152,116.283075161206,163.569731767995,194.840271913819
82,90.5768083318595,116.28308225862,163.540631284282,194.84420816607
83,90.5514941299313,116.282924242379,163.511383160842,194.84798211673
84,90.5260351740025,116.282601068149,163.481987477929,194.851593713491
85,90.500431537007,116.282112691274,163.452444316628,194.855042903547
86,90.4746832916772,116.281459067638,163.422753757754,194.858329634709
87,90.4487905112678,116.280640152946,163.392915882777,194.861453854467
88,90.4227532691273,116.279655903144,163.362930773271,194.86441551055
89,90.3965716391085,116.278506274019,163.332798511445,194.867214550391
90,90.3702456950131,116.277191221744,163.302519179429,194.869850921842
91,90.3437755108963,116.275710702582,163.272092859662,194.872324572784
92,90.3171611613137,116.274064672634,163.241519635214,194.87463545081
93,90.2904027208372,116.272253088323,163.210799589162,194.876783503842
94,90.2635002644286,116.270275906023,163.179932805069,194.878768679658
95,90.2364538671545,116.268133082344,163.148919366621,194.880590926253
96,90.2092636043811,116.265824573934,163.117759357874,194.882250191588
97,90.181929551741,116.263350337514,163.086452863215,194.883746423638
98,90.1544517850621,116.260710329952,163.054999967267,194.885079570476
99,90.1268303805052,116.25790450812,163.023400755071,194.8862495801
100,90.0990654133428,116.254932830118,162.991655310672,194.887256401842
101,90.0711569622558,116.251795250977,162.959763721995,194.888099981495
102,90.0431051029122,116.248491729082,162.927726073576,194.888780268576
103,90.0149099124469,116.245022221688,162.895542451658,194.88929721124
104,89.9865714680955,116.241386686291,162.8632129426,194.889650757862
105,89.9580898475116,116.237585080306,162.830737633289,194.889840856628
106,89.929465128402,116.233617361434,162.798116610665,194.889867456011
107,89.9006973887643,116.229483487428,162.765349962035,194.889730504457
108,89.8717867069617,116.22518341601,162.732437775161,194.889429950294
109,89.8427331613266,116.220717105275,162.699380137758,194.888965742239
110,89.8135368307653,116.21608451308,162.666177138264,194.888337828621
111,89.7841977941394,116.21128559767,162.632828865054,194.887546158176
112,89.7547161306504,116.206320317286,162.599335406923,194.886590679553
113,89.725091919847,116.20118863016,162.565696853109,194.885471341302
114,89.695325241242,116.195890494903,162.53191329279,194.884188092371
115,89.6654161749878,116.19042586982,162.497984815956,194.88274088123
116,89.6353648009863,116.18479471381,162.463911512268,194.881129657025
117,89.6051711999242,116.178996985322,162.429693472384,194.879354368236
118,89.5748354522323,116.173032643402,162.395330786626,194.877414964023
119,89.5443576387162,116.16690164706,162.360823545786,194.875311393411
120,89.5137378406365,116.160603955189,162.326171841234,194.873043605188
121,89.4829761393214,116.154139526952,162.291375764419,194.870611548402
122,89.4520726162784,116.147508321672,162.25643540701,194.868015172216
123,89.4210273532927,116.140710298735,162.221350861025,194.865254425785
124,89.3898404316636,116.133745418347,162.186122218001,194.862329259084
125,89.3585119353082,116.126613638439,162.150749572375,194.859239619526
126,89.3270419458258,116.119314919595,162.115233016058,194.855985457387
127,89.2954305460538,116.1118492215,162.07957264239,194.852566721853
128,89.2636778189278,116.104216504081,162.043768544832,194.848983362329
129,89.2317838476007,116.096416727383,162.007820817112,194.845235328287
130,89.1997487155175,116.088449851499,161.971729553331,194.841322569169
131,89.1675725064511,116.080315836532,161.935494848003,194.837245034338
132,89.1352553042296,116.072014642867,161.899116795706,194.833002673433
133,89.1027971929858,116.063546230922,161.862595491406,194.828595436046
134,89.0701982570364,116.054910561272,161.825931030294,194.824023271874
135,89.0374585811452,116.04610759438,161.789123508135,194.819286130386
136,89.0045782499696,116.037137291154,161.752173020549,194.81438396153
137,88.9715573485239,116.027999612483,161.715079663608,194.80931671514
138,88.9383959622976,116.018694519119,161.677843533992,194.80408434078
139,88.9050941766731,116.009221972259,161.640464728236,194.798686788496
140,88.8716520773916,115.999581933076,161.602943343333,194.793124008217
141,88.8380697504033,115.989774362877,161.565279476537,194.787395949943
142,88.8043472819905,115.979799222969,161.527473225528,194.78150256359
143,88.7704847585337,115.969656474903,161.489524688105,194.775443799292
144,88.7364822666546,115.959346080322,161.451433962372,194.769219607213
145,88.7023398932841,115.948868000901,161.413201146829,194.762829937461
146,88.6680577254698,115.938222198533,161.374826340121,194.756274740335
147,88.6336358506449,115.927408635064,161.336309641384,194.74955396598
148,88.5990743562379,115.916427272682,161.297651149745,194.742667564889
149,88.564373330066,115.905278073523,161.258850964828,194.735615487393
150,88.5295328601668,115.89396099984,161.219909186535,194.728397683882
151,88.4945530348439,115.882476013956,161.180825915111,194.721014104743
152,88.4594339423461,115.870823078588,161.141601250722,194.713464700777
153,88.4241756707657,115.859002156945,161.102235293472,194.705749423183
154,88.3887783105535,115.847013210216,161.062728146077,194.697868220886
155,88.3532419500025,115.834856202081,161.023079908897,194.689821045505
156,88.3175666784374,115.822531095529,160.983290683475,194.681607847811
157,88.281752585419,115.810037853649,160.943360571653,194.673228578612
158,88.2457997608709,115.797376439502,160.903289675744,194.664683188585
159,88.2097082946108,115.784546816592,160.863078097916,194.655971628885
160,88.1734782770262,115.771548948193,160.822725941073,194.64709385027
161,88.1371097983992,115.758382798016,160.782233307979,194.638049803974
162,88.1006029496244,115.745048329499,160.741600302189,194.628839440776
163,88.0639578214661,115.731545506547,160.700827027085,194.619462711963
164,88.0271745050242,115.717874293063,160.65991358648,194.60991956873
165,87.9902530916957,115.704034652993,160.618860084574,194.60020996222
166,87.9531936729277,115.690026550566,160.577666625623,194.590333843855
167,87.9159963406159,115.6758499499,160.536333314467,194.580291164811
168,87.8786611866375,115.661504815467,160.494860255918,194.570081876629
169,87.8411883032422,115.646991111703,160.453247555269,194.559705930701
170,87.8035777829292,115.632308803131,160.411495318133,194.549163278438
171,87.7658297181472,115.617457854659,160.369603650059,194.53845387165
172,87.727944201878,115.602438230998,160.327572657284,194.527577661797
173,87.689921327196,115.587249897104,160.285402446163,194.516534600552
174,87.6517611872924,115.571892818149,160.243093123201,194.505324639778
175,87.6134638756687,115.556366959333,160.200644795307,194.493947731267
176,87.5750294861126,115.540672285905,160.158057569759,194.48240382678
177,87.5364581124933,115.524808763366,160.115331553939,194.470692878308
178,87.4977498489628,115.508776357272,160.072466855596,194.458814837811
179,87.4589047898807,115.492575033306,160.029463582747,194.446769657313
180,87.4199230297418,115.47620475735,159.986321843587,194.434557289002
181,87.3808046632825,115.459665495381,159.943041746621,194.422177685086
182,87.3415497857093,115.442957213242,159.899623400967,194.409630797495
183,87.302158491961,115.426079877376,159.856066915394,194.396916578848
184,87.2626308774664,115.409033454073,159.812372399307,194.384034981457
185,87.2229670379542,115.391817909659,159.464188513734,194.675337406349
186,87.1831670691327,115.374433210813,159.419025398567,194.663313776024
187,87.1432310671749,115.356879324085,159.373721853403,194.651125353607
188,87.1031591274332,115.339156217182,159.328277992685,194.638772087716
189,87.0629513479401,115.321263855463,159.28269393419,194.626253923967
190,87.0226078244126,115.303202206939,159.236969792998,194.613570811009
191,86.9821286539298,115.284971238594,159.191105685989,194.600722696024
192,86.9415139334093,115.266570917905,159.145101729883,194.587709526691
193,86.9007637602121,115.248001212243,159.098958042083,194.574531250339
194,86.8598782316783,115.229262089333,159.052674740023,194.561187814598
195,86.818857445583,115.210353516801,159.006251941811,194.547679166764
196,86.777701499809,115.191275462496,158.959689765767,194.53400525425
197,86.736410492492,115.172027894351,158.912988330632,194.520166024384
198,86.6949845216857,115.152610780716,158.866147755095,194.50616142488
199,86.6534236861255,115.13302408959,158.819168158862,194.491991402769
200,86.6117280843499,115.113267789505,158.772049661434,194.477655905622
201,86.5698978154067,115.093341848818,158.724792383085,194.463154880568
202,86.527932978106,115.073246236456,158.677396443826,194.448488275335
203,86.4858336721068,115.052980920832,158.629861964922,194.433656036731
204,86.4435999965928,115.032545871167,158.582189067039,194.418658112494
205,86.4012320514602,115.011941056304,158.534377871911,194.403494449632
206,86.3587299364237,114.991166445599,158.48642850108,194.388164995673
207,86.3160937516941,114.970222008249,158.438341076858,194.372669697712
208,86.2733235975197,114.949107713744,158.390115721673,194.357008503062
209,86.230419574379,114.927823531677,158.341752558347,194.341181358971
210,86.1873817829323,114.906369431793,158.293251710025,194.325188212702
211,86.1442103240572,114.884745383954,158.244613300229,194.309029011471
212,86.1009052988361,114.862951358149,158.195837452834,194.292703702476
213,86.0574668085064,114.840987324545,158.146924292006,194.276212232954
214,86.0138949546259,114.818853253321,158.09787394243,194.259554549959
215,85.9701898386653,114.796549115077,158.048686528742,194.242730600925
216,85.9263515625896,114.774074880251,157.99936217634,194.225740332858
217,85.8823802284375,114.75143051954,157.9499010108,194.208583692916
218,85.8382759384158,114.728616003804,157.900303158005,194.191260628284
219,85.794038794877,114.705631304093,157.850568744117,194.173771086204
220,85.7496689005192,114.682476391442,157.800697895855,194.156115013687
221,85.7051663580429,114.659151237214,157.750690740014,194.138292358004
222,85.6605312705225,114.635655812733,157.700547403988,194.120303066158
223,85.6157637410825,114.611990089604,157.65026801532,194.102147085338
224,85.5708638731815,114.588154039431,157.599852702091,194.083824362524
225,85.5258317703062,114.564147634121,157.5493015925,194.065334844908
226,85.4806675360446,114.53997084581,157.49861481496,194.046678479805
227,85.4353712746354,114.515623646319,157.447792498882,194.027855213862
228,85.389943089932,114.491106008183,157.396834773202,194.008864994529
229,85.3443830863507,114.466417903706,157.345741767729,193.989707768721
230,85.2986913682948,114.441559305538,157.29451361233,193.97038348362
231,85.2528680404277,114.416530186399,157.243150437313,193.950892086305
232,85.2069132070428,114.391330519712,157.191652372683,193.931233524484
233,85.160826974443,114.365960277219,157.140019550931,193.911407743713
234,85.1146094471604,114.340419432768,157.088252102557,193.891414691869
235,85.0682607305181,114.314707959743,157.036350159108,193.871254316113
236,85.0217809302973,114.288825831404,156.984313852859,193.850926563211
237,84.9751701519823,114.262773021637,156.932143315742,193.830431380602
238,84.9284285016978,114.236549504021,156.879838680672,193.809768715071
239,84.8815560854417,114.210155252589,156.827400080464,193.788938513836
240,84.8345530096489,114.18359024127,156.77482764863,193.767940723747
241,84.7874193805601,114.156854444519,156.722121518487,193.746775292182
242,84.7401553051528,114.129947836381,156.669281824475,193.725442165725
243,84.6927608898823,114.102870391757,156.616308700371,193.703941291951
244,84.6452362419759,114.075622085105,156.563202281129,193.682272617594
245,84.5975814684587,114.048202891415,156.509962701495,193.66043608992
246,84.5497966767926,114.020612785572,156.456590096916,193.638431655829
247,84.5018819744839,113.992851742745,156.403084602981,193.616259262407
248,84.4538374692217,113.964919738251,156.349446355621,193.593918856727
249,84.4056632688031,113.936816747629,156.295675491001,193.57141038596
250,84.3573594812956,113.908542746477,156.24177214575,193.548733797141
251,84.3089262149499,113.88009771054,156.187736456842,193.525889037291
252,84.2603635780734,113.851481615835,156.13356856141,193.502876053601
253,84.211671679334,113.822694438349,156.079268597186,193.479694792993
254,84.1628506271995,113.793736154599,156.024836701695,193.456345202924
255,84.1139005308802,113.764606740687,155.970273013604,193.43282723004
256,84.064821499197,113.735306173435,155.915577671109,193.409140821786
257,84.0156136413629,113.705834429602,155.860750813045,193.385285925298
258,83.966277066893,113.676191485973,155.805792578763,193.361262487525
259,83.9168118852407,113.646377319726,155.750703107609,193.33707045575
260,83.8672182061838,113.61639190804,155.695482539473,193.312709777038
261,83.8174961394619,113.586235228465,155.640131014279,193.288180398754
262,83.7676457953076,113.555907258383,155.584648672734,193.263482267805
263,83.7176672837678,113.525407975692,155.529035655366,193.238615331605
264,83.6675607152608,113.494737358247,155.47329210332,193.213579537283
265,83.6173262004043,113.463895384033,155.417418158108,193.188374831927
266,83.5669638497328,113.432882031444,155.361413961209,193.163001162985
267,83.5164737741762,113.401697278809,155.305279654751,193.137458477586
268,83.4658560847261,113.370341104723,155.24901538104,193.111746723011
269,83.4151108925337,113.338813487948,155.19262128269,193.085865846557
270,83.3642383089288,113.307114407398,155.13609750266,193.059815795504
271,83.3132384454252,113.275243842127,155.079444184259,193.033596517114
272,83.2621114135603,113.243201771497,155.022661470915,193.007207958855
273,83.2108573252862,113.21098817478,154.965749506734,192.980650067842
274,83.1594762923073,113.178603031826,154.908708435558,192.953922791788
275,83.1079684268437,113.146046322293,154.85153840205,192.927026077905
276,83.0563338412403,113.113318026046,154.794239551145,192.899959873466
277,83.0045726477626,113.080418123352,154.736812027746,192.8727241261
278,82.9526849591193,113.047346594366,154.679255977482,192.845318783039
279,82.9006708877325,113.014103419853,154.621571545657,192.817743792164
280,82.8485305467023,112.980688580229,154.563758878637,192.789999100625
281,82.7962640490702,112.947102056296,154.505818122792,192.762084655891
282,82.74387150782,112.913343829239,154.447749424495,192.734000405758
283,82.6913530362814,112.879413880224,154.389552930706,192.705746297758
284,82.6387087479898,112.845312190538,154.331228788769,192.677322279368
285,82.5859387564445,112.81103874183,154.272777146065,192.648728298355
286,82.5330431755463,112.776593515674,154.21419815064,192.619964302144
287,82.4800221189314,112.741976494236,154.155491950249,192.591030238781
288,82.4268757008653,112.707187659376,154.096658693641,192.561926055639
289,82.3736040346918,112.672226994205,154.037698528456,192.532651701533
290,82.3202072361988,112.637094479713,153.978611605555,192.503207122376
291,82.2666854190045,112.601790099388,153.919398073155,192.473592267055
292,82.2130386978085,112.566313835959,153.860058080988,192.443807083265
293,82.1592671873674,112.530665672426,153.80059177896,192.413851518854
294,82.1053710024199,112.494845592132,153.740999317039,192.383725521935
295,82.0513502581434,112.458853578306,153.681280845915,192.35342904022
296,81.9972050696596,112.422689614559,153.621436516291,192.322962021737
297,81.9429355521998,112.386353684716,153.561466479115,192.292324414591
298,81.8885418212262,112.349845772696,153.501370885761,192.26151616679
299,81.8340239922554,112.313165862691,153.441149887771,192.230537226494
300,81.7793821810381,112.27631393898,153.380803637117,192.199387541762
301,81.7246165034292,112.239289986066,153.32033228601,192.168067060736
302,81.6697270752394,112.202093988819,153.25973598669,192.136575731856
303,81.61471401275,112.164725931963,153.199014892168,192.104913503112
304,81.5595774320693,112.127185800719,153.138169155295,192.073080322981
305,81.504317449594,112.089473580345,153.07719892943,192.041076139754
306,81.4489341818678,112.051589256274,153.016104368239,192.008900901743
307,81.3934277453964,112.013532814303,152.95488562542,191.976554557547
308,81.3377982568666,111.975304240371,152.893542855026,191.944037055737
309,81.2820458333522,111.936903520354,152.832076211765,191.911348344552
310,81.226170591673,111.898330640706,152.770485850065,191.878488372836
311,81.1701726490433,111.85958558781,152.708771925019,191.845457089088
312,81.1140521227364,111.820668348311,152.646934591896,191.812254441958
313,81.0578091300698,111.781578909137,152.584974006121,191.77888038026
314,81.0014437884874,111.74231725741,152.522890323398,191.745334852858
315,80.9449562156632,111.702883380347,152.460683699851,191.711617808511
316,80.8883465293082,111.663277265449,152.398354291753,191.677729196158
317,80.8316148473301,111.623498900344,152.335902255752,191.643668964682
318,80.7747612876969,111.583548272924,152.273327748681,191.609437063109
319,80.7177859684762,111.543425371301,152.210630927604,191.575033440551
320,80.6606890078074,111.503130183839,152.147811949784,191.540458046246
321,80.6034705242486,111.462662698808,152.084870973186,191.505710829052
322,80.5461306359481,111.422022905207,152.021808155267,191.470791738658
323,80.4886694616717,111.38121079174,151.958623654479,191.435700724078
324,80.4310871200419,111.340226347578,151.895317629156,191.400437734769
325,80.3733837298007,111.299069562093,151.831890237897,191.365002720242
326,80.3155594099916,111.257740424679,151.768341639836,191.329395629798
327,80.2576142794589,111.216238925248,151.704671993904,191.29361641326
328,80.199548457413,111.17456505367,151.640881459661,191.257665020144
329,80.1413620631146,111.132718800086,151.576970196833,191.221541400122
330,80.0830552159029,111.090700154877,151.51293836535,191.185245502983
331,80.0246280352299,111.048509108637,151.448786125401,191.148777278578
332,79.9660806405943,111.006145652231,151.384513637336,191.112136676919
333,79.9074131516995,110.963609776641,151.320121061892,191.075323647951
334,79.8486256883912,110.920901473028,151.255608560111,191.038338141636
335,79.789718370361,110.878020733027,151.190976292898,191.00118010839
336,79.730691317789,110.834967548107,151.126224421968,190.963849498146
337,79.6715446506876,110.791741910223,151.061353108879,190.926346261309
338,79.6122784892958,110.748343811424,150.996362515615,190.88867034818
339,79.5528929537981,110.704773244135,150.93125280417,190.85082170937
340,79.4933881647427,110.661030200737,150.866024137166,190.812800295184
341,79.4337642424501,110.617114674159,150.800676676978,190.774606056491
342,79.374021307605,110.573026657283,150.735210586614,190.736238943849
343,79.314159480862,110.528766143345,150.66962602912,190.697698908096
344,79.2541788829995,110.484333125774,150.603923167825,190.65898590011
345,79.1940796349679,110.439727598147,150.538102166394,190.620099870747
346,79.1338618576608,110.394949554418,150.472163188503,190.581040771174
347,79.0735256722167,110.349998988614,150.406106398283,190.541808552427
348,79.0130711998291,110.304875895027,150.33993196003,190.502403165687
349,78.9524985615086,110.259580268451,150.273640037867,190.462824562634
350,78.8918078789504,110.214112103314,150.207230797015,190.423072694166
351,78.8309992733032,110.168471394909,150.140704401978,190.383147512216
352,78.7700728663111,110.122658138252,150.074061018232,190.343048968066
353,78.7090287794649,110.076672328932,150.007300810968,190.302777013599
354,78.647867134422,110.030513962689,149.940423945714,190.262331600682
355,78.5865880531976,109.984183035222,149.873430588615,190.22171268088
356,78.525191657461,109.937679542897,149.8063209054,190.180920206495
357,78.4636780692918,109.891003481984,149.739095062488,190.139954129455
358,78.4020474106323,109.844154849212,149.671753226189,190.098814402115
359,78.340299803662,109.797133641387,149.604295563253,190.05750097671
360,78.2784353706284,109.749939855567,149.536722240619,190.016013805598
361,78.2164542337247,109.70257348918,149.469033425238,189.974352841449
362,78.1543565153538,109.655034539764,149.401229284459,189.93251803685
363,78.0921423381645,109.607323004926,149.333309986084,189.890509344248
364,78.0298118239249,109.559438883471,149.265275696811,189.848326717517
365,77.9673650964797,109.511382172445,149.19712658617,189.805970108014
366,77.9048022777527,109.463152871131,149.128862821269,189.763439469832
367,77.8421234907321,109.414750978066,149.060484570771,189.720734755829
368,77.7793288581348,109.366176492372,148.991992003025,189.677855919492
369,77.7164185029067,109.31742941326,148.923385286806,189.634802914198
370,77.6533925481185,109.268509740134,148.854664591167,189.591575693363
371,77.5902511166269,109.219417472925,148.785830084927,189.548174210953
372,77.5269943316722,109.170152611497,148.716881937565,189.50459842059
373,77.4636223165409,109.120715155986,148.647820318717,189.460848276056
374,77.4001351943853,109.071105106976,148.578645397903,189.416923731559
375,77.336533088489,109.021322465234,148.509357344932,189.372824741342
376,77.2728161223621,108.971367231619,148.439956330033,189.328551259538
377,77.2089844196257,108.921239407193,148.370442523688,189.284103240343
378,77.1450381034088,108.870938993824,148.300816095732,189.239480638915
379,77.0809772976232,108.820465992914,148.231077217257,189.194683409472
380,77.0168021259207,108.769820406438,148.161226059048,189.149711506852
381,76.9525127118256,108.719002236815,148.091262791791,189.104564886306
382,76.8881091793011,108.66801148634,148.021187586909,189.059243502666
383,76.8235916521786,108.616848157751,147.951000615717,189.013747311183
384,76.7589602543074,108.565512254087,147.880702049641,188.968076267312
385,76.6942151096259,108.514003778609,147.810292060324,188.922230326606
386,76.6293563423551,108.46232273461,147.739770819919,188.876209444422
387,76.5643840762646,108.410469126149,147.669138499987,188.830013577023
388,76.499298435679,108.358442957043,147.598395273004,188.78364268007
389,76.4340995448136,108.306244231533,147.527541311367,188.737096709616
390,76.3687875278592,108.253872954195,147.45657678752,188.690375621982
391,76.3033625090637,108.201329129866,147.385501874077,188.643479373632
392,76.2378246128222,108.148612763545,147.314316743954,188.59640792104
393,76.172173963604,108.095723860472,147.243021570265,188.549161220797
394,76.106410685795,108.042662426283,147.17161652608,188.501739229849
395,76.0405349038311,107.989428466875,147.100101784626,188.4541419053
396,75.97454674244,107.936021988169,147.028477519651,188.406369204042
397,75.908446325952,107.882442996793,146.956743904389,188.358421083797
398,75.8422337792082,107.828691499177,146.884901112922,188.310297501751
399,75.7759092268778,107.774767502238,146.812949319156,188.261998415574
400,75.7094727936395,107.720671013191,146.740888697092,188.213523783158
401,75.6429246042453,107.666402039493,146.668719420924,188.164873562512
402,75.5762647835447,107.611960588814,146.596441665071,188.116047711732
403,75.5094934564321,107.557346669091,146.524055604102,188.067046189076
404,75.4426107477438,107.502560288631,146.451561412577,188.01786895312
405,75.3756167824471,107.44760145592,146.378959265334,187.968515962477
406,75.3085116855024,107.392470179763,146.306249337279,187.918987176
407,75.2412955819702,107.337166469176,146.233431803549,187.869282552624
408,75.1739685967381,107.281690333658,146.160506839099,187.819402051775
409,75.1065308551294,107.226041782585,146.08747461962,187.769345632458
410,75.0389824820138,107.170220826094,146.014335320196,187.71911325459
411,74.9713236027092,107.114227474188,145.941089116665,187.668704877646
412,74.9035543423372,107.058061737374,145.867736184647,187.618120461632
413,74.835674826138,107.00172362635,145.794276700018,187.567359966606
414,74.7676851793175,106.945213152161,145.720710838678,187.516423352912
415,74.699585527166,106.888530326075,145.647038776733,187.465310580998
416,74.6313759949844,106.831675159661,145.57326069038,187.414021611532
417,74.5630567080306,106.774647664838,145.499376755825,187.36255640548
418,74.4946277918098,106.717447853591,145.425387149727,187.310914923666
419,74.4260893717136,106.660075738323,145.351292048645,187.259097127322
420,74.3574415728782,106.602531332006,145.277091628827,187.207102978303
421,74.2886845210222,106.544814647335,145.202786067479,187.154932437811
422,74.2198183413943,106.486925697786,145.128375541165,187.102585468003
423,74.1508431595426,106.428864496844,145.05386022698,187.050062030809
424,74.0817591010498,106.370631058267,144.979240302142,186.997362088347
425,74.0125662913857,106.312225396234,144.904515943772,186.94448560314
426,73.9432648559679,106.253647525286,144.829687328985,186.891432538028
427,73.8738549297338,106.19489745075,144.754754649431,186.838202841618
428,73.8043366197675,106.135975206116,144.679718054511,186.784796505079
429,73.7347100609853,106.076880797349,144.604577735983,186.731213477527
430,73.6649753787572,106.017614240267,144.529333871173,186.677453722821
431,73.5951326987915,105.958175550659,144.453986637991,186.623517204542
432,73.5251821466457,105.89856474477,144.378536214189,186.569403886735
433,73.4551238479674,105.838781839064,144.302982777722,186.51511373355
434,73.3849579283489,105.778826850364,144.227326506533,186.460646709455
435,73.3146845134953,105.718699795692,144.151567578805,186.406002778988
436,73.2443037291419,105.658400692341,144.075706172832,186.351181906879
437,73.1738157008106,105.597929558127,143.999742466655,186.29618405842
438,73.1032205541682,105.537286411028,143.923676638598,186.241009198922
439,73.0325184149984,105.476471269209,143.847508867235,186.18565729376
440,72.9617094089509,105.415484151276,143.771239331,186.130128308747
441,72.8907936616927,105.354325076124,143.694868208415,186.074422209916
442,72.8197712989146,105.292994062929,143.618395678111,186.018538963502
443,72.7486424463203,105.231491131161,143.541821918797,185.962478535958
444,72.6774072295575,105.16981630065,143.465147109166,185.906240894068
445,72.6060657743928,105.107969591413,143.388371428152,185.849826004673
446,72.5346182063868,105.045951023977,143.311495054442,185.79323383517
447,72.4630646513173,104.983760618959,143.234518167114,185.736464352868
448,72.3914052349248,104.921398397314,143.157440945254,185.679517525374
449,72.3196400826929,104.858864380564,143.080263567615,185.622393320931
450,72.2477693204374,104.796158590198,143.002986213523,185.565091707516
451,72.1757930738667,104.733281048119,142.925609062196,185.507612653514
452,72.1037114684529,104.670231776771,142.848132292556,185.449956127915
453,72.0315246300751,104.607010798493,142.770556084202,185.392122099331
454,71.9592326841218,104.543618136421,142.692880616047,185.334110537368
455,71.8868357564319,104.480053813541,142.615106067749,185.275921411188
456,71.814333972445,104.416317853544,142.537232618413,185.21755469081
457,71.7417274579437,104.352410280081,142.45926044773,185.159010345971
458,71.669016338425,104.288331117391,142.381189735008,185.100288347093
459,71.5962007394513,104.224080389951,142.303020659713,185.041388664744
460,71.5232807865783,104.159658122546,142.224753401356,184.982311269748
461,71.4502566053489,104.095064340279,142.146388139485,184.923056133197
462,71.3771283212976,104.030299068562,142.06792505369,184.863623226441
463,71.3038960598831,103.965362333186,141.9893643235,184.804012521196
464,71.2305599463837,103.900254160424,141.910706128311,184.74422398961
465,71.1571201068825,103.834974576046,141.831950648534,184.68425760312
466,71.0835766664617,103.769523607125,141.753098063372,184.624113334671
467,71.0099297506161,103.703901280622,141.674148552622,184.56379115692
468,70.9361794845837,103.638107624059,141.595102295737,184.503291043163
469,70.8623259938036,103.572142665054,141.515959472532,184.442612966639
470,70.7883694036804,103.506006431565,141.436720262817,184.381756900893
471,70.7143098395023,103.439698951964,141.357384846275,184.320722819898
472,70.6401474265661,103.373220254917,141.277953402653,184.259510697863
473,70.5658822901399,103.306570369418,141.198426111699,184.198120509296
474,70.491514555412,103.239749324843,141.118803153088,184.136552229079
475,70.4170443476822,103.172757150754,141.039084706716,184.074805832176
476,70.3424717919824,103.105593877285,140.959270952111,184.012881294213
477,70.2677970135871,103.038259534622,140.879362069223,183.950778590699
478,70.1930201376162,102.970754153411,140.799358237808,183.888497697636
479,70.1181412889636,102.903077764819,140.719259637321,183.826038591624
480,70.0431605928539,102.835230399985,140.63906644777,183.763401249013
481,69.9680781742042,102.767212090652,140.558778848733,183.700585646879
482,69.8928941580653,102.69902286873,140.478397020037,183.637591762349
483,69.8176086691581,102.630662766758,140.397921141043,183.574419573317
484,69.7422218325198,102.562131817257,140.317351391643,183.511069057441
485,69.6667337730178,102.493430053216,140.236687951508,183.447540192902
486,69.5911446153995,102.424557508041,140.155931000165,183.383832958321
487,69.5154544843897,102.355514215463,140.075080717144,183.319947332615
488,69.4396635047534,102.286300209466,139.99413728208,183.255883294894
489,69.3637718012255,102.216915524365,139.913100874598,183.191640824577
490,69.2877794983013,102.147360195012,139.831971673991,183.12721990171
491,69.2116867206398,102.077634256391,139.750749859844,183.062620506346
492,69.1354935927408,102.007737743944,139.669435611532,182.997842619047
493,69.0592002391503,101.937670693364,139.588029108537,182.932886220561
494,68.982806784258,101.867433140797,139.506530530135,182.867751292143
495,68.9063133524432,101.797025122696,139.424940055621,182.802437815325
496,68.8297200680332,101.726446675863,139.343257864245,182.736945771977
497,68.7530270554392,101.655697837311,139.261484135419,182.671275144109
498,68.6762344387357,101.584778644689,139.179619048066,182.605425914512
499,68.599342342004,101.513689135932,139.097662781151,182.539398066232
500,68.5223508896687,101.44242934893,139.015615514206,182.473191582046
501,68.4452602056351,101.370999322387,138.933477425988,182.4068064458
502,68.3680704138577,101.299399095253,138.851248695355,182.340242641535
503,68.2907816382954,101.22762870677,138.768929501207,182.273500153543
504,68.2133940030066,101.155688196375,138.686520022627,182.206578966232
505,68.1359076316425,101.083577604207,138.604020438091,182.139479064909
506,68.0583226480423,101.011296970512,138.521430926394,182.07220043486
507,67.9806391757889,100.938846336089,138.438751665962,182.00474306203
508,67.902857338764,100.866225741729,138.355982835712,181.937106932173
509,67.8249772604378,100.793435228931,138.273124613944,181.86929203195
510,67.7469990642901,100.720474839478,138.190177178998,181.801298348278
511,67.6689228737912,100.647344615457,138.107140709222,181.733125868358
512,67.5907488123884,100.574044599271,138.024015382956,181.664774579697
513,67.512477003314,100.500574833832,137.94080137822,181.596244470411
514,67.4341075698768,100.426935362268,137.857498873182,181.527535528763
515,67.3556406352026,100.353126228185,137.774108045741,181.458647743579
516,67.2770763224924,100.279147475406,137.690629073939,181.389581103835
517,67.1984147545478,100.204999148445,137.607062135204,181.320335599411
518,67.1196560546668,100.130681291613,137.523407407772,181.250911219675
519,67.0408003455613,100.056193950101,136.911990752285,181.708982271881
520,66.9618477500943,99.9815371692388,136.827058743563,181.640302349397
521,66.8827983910252,99.906710994754,136.742041884173,181.571441118133
522,66.8036523909276,99.8317154728504,136.656940378264,181.502398542715
523,66.7244098724103,99.7565506499893,136.571754430071,181.433174587968
524,66.6450709582475,99.6812165727575,136.486484244154,181.363769218689
525,66.5656357704742,99.6057132887728,136.401130023817,181.294182401219
526,66.4861044317615,99.5300408453078,136.315691973501,181.224414101056
527,66.4064770641471,99.4541992905594,136.230170296569,181.154464285063
528,66.3267537900725,99.378188672612,136.144565197115,181.084332919667
529,66.2469347313534,99.3020090404657,136.058876878166,181.014019972648
530,66.1670200102975,99.2256604429196,135.973105543631,180.943525411201
531,66.0870097486904,99.1491429295849,135.887251396525,180.872849203698
532,66.0069040685363,99.0724565501442,135.80131464027,180.8019913184
533,65.9267030914049,98.9956013550046,135.715295477541,180.7309517246
534,65.8464069392148,98.9185773945138,135.629194111643,180.659730391255
535,65.7660157332026,98.8413847199911,135.5430107447,180.588327288788
536,65.6855295952717,98.7640233823783,135.456745580015,180.516742386736
537,65.6049486466993,98.6864934335324,135.37039881981,180.444975656005
538,65.5242730087209,98.608794925641,135.283970666237,180.373027067858
539,65.4435028027382,98.5309279110143,135.197461321752,180.300896593547
540,65.3626381498134,98.4528924425907,135.110870988221,180.228584205198
541,65.2816791710546,98.3746885735505,135.024199867594,180.156089875144
542,65.2006259872259,98.2963163577068,134.937448161219,180.083413576606
543,65.1194787194768,98.2177758487748,134.850616071121,180.010555282418
544,65.0382374883168,98.1390671013976,134.763703798205,179.937514966822
545,64.9569024146503,98.060190170111,134.676711544062,179.864292603661
546,64.8754736189014,97.9811451102184,134.589639509436,179.790888167909
547,64.7939512215556,97.9019319772491,134.502487895175,179.71730163473
548,64.7123353430435,97.8225508270742,134.415256902019,179.643532979676
549,64.63062610367,97.7430017159773,134.327946730481,179.569582178818
550,64.5488236235289,97.6632847007398,134.24055758069,179.495449208895
551,64.4669280227358,97.5833998384075,134.153089652798,179.421134046908
552,64.3849394212302,97.5033471864888,134.065543146636,179.346636670471
553,64.3028579389263,97.4231268028031,133.977918261971,179.271957057542
554,64.220683695585,97.3427387456092,133.890215198282,179.197095186654
555,64.1384168107913,97.2621830736274,133.80243415472,179.122051036957
556,64.0560574041504,97.1814598458431,133.714575330445,179.046824587874
557,63.9736055951479,97.1005691216465,133.626638924389,178.971415819342
558,63.8910615030389,97.0195109609435,133.538625135045,178.895824712022
559,63.808425247162,96.9382854238413,133.450534161031,178.820051246736
560,63.7256969464866,96.8568925711009,133.362366200281,178.744095405274
561,63.6428767201851,96.7753324635648,133.27412145106,178.667957169379
562,63.5599646870427,96.693605162747,133.185800110913,178.591636521798
563,63.4769609658695,96.6117107304204,133.097402377397,178.515133445552
564,63.3938656753487,96.529649228769,133.008928447804,178.438447924208
565,63.3106789340078,96.447420720416,132.920378519119,178.361579941925
566,63.2274008602854,96.365025268357,132.831752788126,178.284529483348
567,63.1440315727117,96.282462935779,132.74305145173,178.207296533282
568,63.0605711891972,96.1997337867723,132.654274705694,178.129881077957
569,62.9770198280093,96.1168378853525,132.565422746373,178.052283103297
570,62.8933776070779,96.033775296156,132.476495769469,177.974502596158
571,62.8096446443541,95.9505460840801,132.387493970679,177.896539543684
572,62.72582105743,95.8671503146633,132.298417545011,177.818393933993
573,62.6419069639345,95.7835880536896,132.209266687482,177.740065755473
574,62.5579024814941,95.6998593672272,132.120041593058,177.661554996846
575,62.4738077273902,95.6159643219708,132.03074245603,177.582861647791
576,62.389622818909,95.5319029848921,131.941369470641,177.503985698316
577,62.3053478733027,95.4476754232778,131.851922831015,177.424927138829
578,62.2209830072988,95.3632817052205,131.76240273028,177.345685961017
579,62.1365283379783,95.2787218987403,131.672809362131,177.266262156278
580,62.0519839821694,95.1939960723903,131.583142919747,177.186655716808
581,61.9673500562525,95.1091042954521,131.493403595442,177.106866635949
582,61.8826266769414,95.0240466371542,131.403591582059,177.026894906793
583,61.7978139604987,94.9388231674562,131.313707071558,176.946740523596
584,61.7129120233273,94.8534339564573,131.223750256088,176.866403480704
585,61.6279209813074,94.767879075059,131.133721326782,176.785883773759
586,61.5428409506873,94.6821585940742,131.043620475359,176.705181398098
587,61.4576720471285,94.5962725851815,130.95344789241,176.624296350462
588,61.3724143863662,94.5102211202652,130.86320376858,176.54322862782
589,61.2870680839667,94.4240042716571,130.77288829413,176.461978227802
590,61.2016332556284,94.3376221118356,130.682501659471,176.380545148166
591,61.1161100164107,94.2510747141964,130.59204405379,176.298929388176
592,61.0304984816752,94.1643621521111,130.501515666729,176.217130946915
593,60.9447987663888,94.0774844996242,130.410916687129,176.135149824547
594,60.8590109854151,93.990441831161,130.32024730356,176.052986021785
595,60.7731352536927,93.9032342213496,130.229507704633,175.970639539576
596,60.6871716856894,93.8158617455663,130.13869807802,175.888110380088
597,60.6011203961188,93.7283244792182,130.047818611739,175.805398545416
598,60.5149814990708,93.6406224986137,129.956869492591,175.722504039151
599,60.4287551090505,93.5527558799224,129.865850908022,175.639426864516
600,60.3424413399968,93.4647247001567,129.77476304436,175.556167026125
601,60.2560403056528,93.3765290368009,129.683606087551,175.472724529256
602,60.1695521201453,93.2881689672322,129.592380223906,175.389099379093
603,60.0829768973432,93.1996445693609,129.50108563939,175.305291581445
604,59.9963147502701,93.1109559222189,129.409722518258,175.221301144105
605,59.9095657925473,93.0221031045154,129.318291045737,175.137128074172
606,59.8227301372799,92.9330861957514,129.226791406004,175.052772380066
607,59.7358078976282,92.8439052756473,129.135223783231,174.96823407049
608,59.6487991865846,92.7545604243668,129.043588361166,174.883513154847
609,59.5617041167812,92.6650517227083,128.95188532279,174.798609643577
610,59.4745228011378,92.5753792514565,128.860114851487,174.713523546998
611,59.3872553518745,92.4855430923705,128.768277129252,174.628254877084
612,59.2999018814083,92.3955433272864,128.676372338317,174.542803645851
613,59.2124625018641,92.3053800386061,128.58440066026,174.45716986624
614,59.1249373255435,92.2150533088281,128.492362276854,174.371353551275
615,59.0373264640677,92.1245632214051,128.400257368507,174.285354715611
616,58.9496300294495,92.033909859671,128.308086116215,174.199173373596
617,58.8618481330956,91.9430933078387,128.215848699739,174.11280954108
618,58.7739808863837,91.8521136504232,128.123545298655,174.026263234374
619,58.6860284007728,91.7609709721301,128.03117609255,173.939534470048
620,58.5979907873355,91.6696653583241,127.938741260176,173.852623265782
621,58.509868157073,91.5781968947131,127.846240980018,173.765529639792
622,58.4216606207402,91.4865656675234,127.753675429971,173.67825361116
623,58.3333682890599,91.3947717632848,127.661044787729,173.590795199437
624,58.244991272643,91.3028152689102,127.568349230642,173.50315442479
625,58.1565296816711,91.2106962720136,127.475588935129,173.415331308589
626,58.0679836263419,91.1184148604634,127.3827640775,173.327325872585
627,57.9793532168363,91.0259711224155,127.289874833876,173.239138138985
628,57.8906385630877,90.9333651465441,127.196921379781,173.150768130869
629,57.8018397745745,90.8405970222488,127.103903889759,173.062215872563
630,57.7129569609706,90.7476668390033,127.010822538554,172.973481388463
631,57.6239902317984,90.6545746867031,126.917677500479,172.88456470367
632,57.5349396961598,90.5613206559338,126.82446894892,172.795465844476
633,57.4458054631071,90.4679048375999,126.731197057021,172.706184837691
634,57.3565876417207,90.3743273228472,126.637861997805,172.616721710509
635,57.2672863406349,90.2805882035364,126.544463943328,172.527076491364
636,57.177901668519,90.186687571762,126.45100306554,172.437249209063
637,57.0884337336751,90.0926255202545,126.357479535556,172.347239893517
638,56.9988826445257,89.9984021418923,126.263893524541,172.257048574855
639,56.909248509054,89.9040175302608,126.170245202689,172.166675284446
640,56.8195314352532,89.8094717792037,126.076534740043,172.076120054078
641,56.7297315309033,89.7147649830456,125.982762306081,171.98538291637
642,56.6398489035531,89.6198972366094,125.88892806968,171.894463904811
643,56.5498836607165,89.5248686350206,125.795032199484,171.803363053391
644,56.4598359095665,89.4296792740122,125.701074863328,171.712080397172
645,56.3697057571857,89.3343292496747,125.607056228706,171.62061597183
646,56.2794933106937,89.2388186583278,125.512976462995,171.528969813418
647,56.1891986766332,89.143147597135,125.418835732335,171.437141959498
648,56.0988219617517,89.0473161633203,125.324634203056,171.345132447704
649,56.0083632723965,88.9513244547748,125.230372040567,171.252941316859
650,55.9178227149147,88.8551725696545,125.136049410087,171.160568606242
651,55.8272003952046,88.7588606068303,125.041666475824,171.068014356407
652,55.7364964193791,88.6623886652235,124.94722340219,170.975278607971
653,55.6457108930421,88.5657568445293,124.852720352465,170.882361402945
654,55.5548439217899,88.4689652447155,124.758157489722,170.789262783814
655,55.4638956110272,88.3720139662057,124.663534976491,170.695982793872
656,55.3728660659489,88.2749031098981,124.568852974712,170.602521477265
657,55.2817553917003,88.1776327770041,124.474111646035,170.508878878692
658,55.1905636930806,88.0802030693453,124.379311151277,170.415055043952
659,55.099291074724,87.9826140891721,124.284451650745,170.321050019616
660,55.0079376412433,87.8848659390194,124.189533304507,170.226863852758
661,54.9165034969984,87.7869587219382,124.09455627195,170.132496591395
662,54.8249887460172,87.6888925415747,123.999520711655,170.037948284614
663,54.7333934923746,87.5906675017908,123.904426782071,169.943218981898
664,54.6417178399828,87.4922837068733,123.809274641142,169.848308733493
665,54.5499618924552,87.3937412616705,123.714064446046,169.753217590678
666,54.4581257531733,87.2950402715242,123.618796353324,169.65794560563
667,54.3662095253717,87.1961808421852,123.523470519029,169.562492831275
668,54.2742133123212,87.0971630796296,123.428087099062,169.466859320951
669,54.1821372168329,86.9979870905547,123.332646248261,169.371045129324
670,54.0899813417389,86.8986529818975,123.237148121283,169.2750503115
671,53.9977457895044,86.7991608612234,123.141592871885,169.178874923746
672,53.9054306625274,86.6995108364252,123.045980653476,169.082519022937
673,53.8130360631961,86.5997030156661,122.950311619229,168.985982666447
674,53.7205621583837,86.4997374428845,122.854586041456,168.889265792767
675,53.6280089215426,86.3996143556996,122.758803834243,168.79236869888
676,53.5353765178244,86.2993338002909,122.662965266221,168.695291327477
677,53.4426650486222,86.1988958868563,122.567070487809,168.598033739725
678,53.3498746153229,86.0983007258588,122.471119649184,168.500595997291
679,53.2570053189299,85.9975484284043,122.375112899577,168.402978163048
680,53.1640572605813,85.8966391057226,122.279050388239,168.305180300106
681,53.0710305407869,85.7955728699304,122.182932263018,168.207202473236
682,52.9779252601726,85.6943498332865,122.086758671742,168.109044747492
683,52.8847415193976,85.5929701082748,121.990529762064,168.010707188356
684,52.7914794182746,85.4914338084834,121.894245679825,167.912189863382
685,52.6981390571152,85.3897410472591,121.797906571552,167.813492839696
686,52.6047205355047,85.2878919389326,121.701512582181,167.714616186272
687,52.5112239531638,85.1858865979561,121.605063856659,167.61555997233
688,52.4176494097698,85.0837251390825,121.508560539603,167.516324267677
689,52.323997004291,84.98140767803,121.412002774069,167.416909143937
690,52.2302668360859,84.8789343303834,121.315390703592,167.317314672514
691,52.1364590038235,84.7763052126729,121.218724470174,167.217540926597
692,52.04257360622,84.6735204416378,121.122004215658,167.117587979796
693,51.9486107419434,84.5705801343213,121.025230081539,167.017455906317
694,51.8545705093563,84.4674844083273,120.928402208501,166.917144781441
695,51.7604530065644,84.3642333817722,120.83152073649,166.816654681436
696,51.6662583314206,84.26082717328,120.734585804725,166.715985683553
697,51.5719865817988,84.1572659017085,120.637597552214,166.615137865513
698,51.4776378552768,84.0535496864665,120.540556117147,166.514111306104
699,51.3832122492547,83.9496786473944,120.443461637133,166.412906084953
700,51.2887098610609,83.8456529046586,120.346314249382,166.311522282339
701,51.1941307875118,83.7414725791915,120.249114089889,166.20995998001
702,51.0994751255264,83.6371377920763,120.151861294578,166.108219260038
703,51.004742971816,83.5326486648572,120.054555998724,166.006300205399
704,50.9099344228151,83.4280053196086,119.957198336818,165.904202900103
705,50.8150495747068,83.3232078789091,119.859788442619,165.80192742915
706,50.7200885236167,83.2182564656474,119.762326449506,165.699473878166
707,50.6250513653845,83.1131512032506,119.664812490061,165.596842333833
708,50.5299381957819,83.0078922154659,119.567246696468,165.494032883479
709,50.4347491103216,82.9024796265513,119.469629200158,165.39104561544
710,50.3394842042558,82.7969135612774,119.371960131799,165.287880619062
711,50.2441435727008,82.6911941448018,119.274239621539,165.184537984467
712,50.1487273106601,82.5853215026463,119.176467799034,165.081017802519
713,50.0532355127132,82.4792957610076,119.078644792878,164.977320165393
714,49.9576682737319,82.3731170460406,118.980770731935,164.873445165249
715,49.8620256876846,82.2667854850547,118.882845743098,164.769392896464
716,49.7663078490253,82.1603012051231,118.784869953895,164.665163453032
717,49.6705148516447,82.0536643341329,118.686843490519,164.560756930532
718,49.574646789185,81.9468750004696,118.588766478414,164.456173425543
719,49.4787037554586,81.8399333325974,118.490639043068,164.351413034848
720,49.3826858437434,81.7328394597645,118.392461308683,164.246475856766
721,49.2865931472224,81.6255935115634,118.294233398999,164.141361990326
722,49.1904257589909,81.5181956179225,118.195955437307,164.036071535255
723,49.0941837717573,81.4106459094061,118.097627545892,163.930604592537
724,48.9978672781979,81.3029445168587,117.999249846687,163.824961263753
725,48.9014763708785,81.1950915714834,117.900822461137,163.719141651222
726,48.8050111419099,81.0870872051858,117.802345509542,163.613145858654
727,48.7084716832716,80.9789315502508,117.703819111664,163.506973990548
728,48.6118580868978,80.8706247392556,117.605243386899,163.400626152013
729,48.5151704445035,80.762166905244,117.506618453934,163.294102449114
730,48.4184088475811,80.6535581817286,117.407944430749,163.187402988873
731,48.3215733872279,80.5447987028643,117.309221434289,163.080527879592
732,48.2246641546028,80.4358886029905,117.210449581324,162.973477229992
733,48.1276812407031,80.3268280168541,117.111628988023,162.866251149644
734,48.0306247361679,80.2176170798061,117.012759769592,162.758849749327
735,47.9334947314558,80.1082559276237,116.913842040597,162.651273140705
736,47.8362913168862,79.9987446964687,116.814875915051,162.543521436241
737,47.7390145825952,79.889083522931,116.71586150632,162.435594749291
738,47.6416646185141,79.7792725440502,116.616798927091,162.327493194132
739,47.5442415142121,79.669311897473,116.517688289069,162.219216886271
740,47.4467453595303,79.5592017208177,116.418529704175,162.110765941241
741,47.3491762436248,79.4489421526324,116.319323282738,162.002140476413
742,47.2515342554863,79.3385333318743,116.22006913447,161.893340610014
743,47.1538194843935,79.2279753974559,116.120767369336,161.78436646027
744,47.0560320189209,79.1172684892376,116.021418095663,161.675218147281
745,46.958171947601,79.0064127473645,115.922021421396,161.565895791774
746,46.860239358972,78.895408312219,115.822577454197,161.456399515006
747,46.7622343410252,78.7842553249732,115.72308630038,161.346729439818
748,46.6641569819351,78.672953926858,115.623548066309,161.236885689246
749,46.5660073692437,78.5615042599789,115.523962856847,161.126868388072
750,46.4677855907544,78.4499064664221,115.424330777046,161.016677661128
751,46.3694917338175,78.3381606889683,115.324651930794,160.906313634652
752,46.2711258855803,78.2262670708424,115.224926421289,160.795776435811
753,46.1726881331417,78.1142257555589,115.125154351336,160.685066192412
754,46.0741785632694,78.0020368872044,115.025335822799,160.574183033438
755,45.9755972626444,77.8897006101924,114.925470937075,160.463127088583
756,45.8769443177257,77.7772170693993,114.82555979483,160.351898488509
757,45.7782198146433,77.6645864102699,114.7256024958,160.240497365054
758,45.6794238396189,77.5518087783977,114.625599139585,160.128923850425
759,45.5805564782013,77.438884320288,114.525549824201,160.017178078658
760,45.4816178164571,77.3258131821682,114.425454648334,159.905260183353
761,45.3826079395923,77.212595511365,114.325313708728,159.793170300296
762,45.2835269330303,77.0992314552265,114.225127102231,159.680908565406
763,45.1843748817025,76.9857211618314,114.124894924445,159.568475116086
764,45.0851518705506,76.8720647794864,114.024617270677,159.455870090272
765,44.9858579844908,76.7582624567615,113.924294235881,159.343093626492
766,44.8864933077136,76.6443143431905,113.823925913315,159.230145865207
767,44.7870579247313,76.5302205882225,113.723512396535,159.117026946818
768,44.6875519196568,76.4159813419436,113.623053778032,159.00373701303
769,44.5879753764565,76.3015967548233,113.522550149698,158.89027620638
770,44.4883283787231,76.1870669779413,113.422001602405,158.776644670665
771,44.3886110100411,76.0723921626221,113.321408226695,158.662842550248
772,44.28882335403,75.9575724603915,113.220770112864,158.548869989972
773,44.1889654934962,75.8426080238242,113.120087349345,158.434727136782
774,44.089037511687,75.7274990052901,113.019360025096,158.320414137332
775,43.9890394912595,75.612245557984,112.918588227639,158.205931139948
776,43.8889715148364,75.4968478353711,112.817772044112,158.091278293574
777,43.7888336648586,75.3813059913325,112.716911560993,157.976455748051
778,43.6886260234251,75.2656201803267,112.616006863798,157.861463654416
779,43.5883486727806,75.1497905569002,112.515058037998,157.746302163984
780,43.4880016945885,75.0338172764154,112.414065167646,157.630971429723
781,43.3875851705009,74.9177004944797,112.313028336455,157.515471605177
782,43.2870991820402,74.8014403670636,112.211947627577,157.399802844682
783,43.1865438105677,74.6850370505325,112.11082312354,157.283965303431
784,43.0859191370047,74.5684907019246,112.009654905715,157.167959138009
785,42.9852252421458,74.4518014786377,111.908443054952,157.051784505754
786,42.8844622070301,74.3349695380578,111.807187652147,156.935441564192
787,42.7836301119525,74.2179950385472,111.705888776563,156.818930472711
788,42.6827290373307,74.1008781385777,111.604546507348,156.702251391049
789,42.5817590632211,73.9836189972138,111.503160922641,156.585404480184
790,42.4807202696915,73.8662177737405,111.40173210029,156.468389901617
791,42.3796127363363,73.7486746281475,111.300260116918,156.351207818305
792,42.2784365429043,73.6309897205008,111.198745049131,156.233858393451
793,42.1771917686696,73.513163211572,111.097186972308,156.116341791719
794,42.0758784930172,73.3951952622522,110.995585961728,155.998658178102
795,41.9744967946338,73.2770860343613,110.893942091013,155.880807719479
796,41.8730467526749,73.1588356894798,110.792255434371,155.762790582377
797,41.7715284457006,73.0404443900138,110.690526064553,155.644606935005
798,41.6699419520725,72.9219122987972,110.588754053613,155.5262569465
799,41.5682873503279,72.803239578717,110.486939473628,155.407740786206
800,41.466564718245,72.6844263936488,110.385082394904,155.289058625468
801,41.3647741338765,72.5654729074218,110.28318288796,155.170210635643
802,41.2629156749964,72.4463792843724,110.181241022462,155.051196989172
803,41.1609894190839,72.3271456893601,110.079256867201,154.932017859601
804,41.0589954435412,72.207772287549,109.977230490501,154.812673421165
805,40.956933825483,72.0882592446183,109.875161959825,154.693163849194
806,40.8548046420179,71.9686067264807,109.773051342305,154.573489319571
807,40.75260796983,71.8488148997003,109.670898703948,154.453650009535
808,40.6503438856645,71.7288839310069,109.568704110566,154.333646096745
809,40.5480124658386,71.6088139877849,109.466467626831,154.213477760226
810,40.4456137868333,71.488605237481,109.364189317421,154.093145179225
811,40.3431479246481,71.3682578482494,109.261869245775,153.972648534453
812,40.2406149550387,71.2477719887137,109.159507474548,153.851988007629
813,40.1380149538605,71.1271478276235,109.057104066281,153.731163780815
814,40.0353479967424,71.0063855341797,108.954659082763,153.610176037048
815,39.9326141589704,70.8854852781512,108.852172584812,153.489024960561
816,39.8298135157029,70.7644472296591,108.749644632694,153.367710736363
817,39.7269461419325,70.6432715592146,108.64707528604,153.246233550324
818,39.6240121127023,70.5219584375024,108.544464604271,153.124593588748
819,39.5210115023971,70.4005080360896,108.441812645233,153.002791039736
820,39.4179443857686,70.2789205263996,108.339119467165,152.880826091222
821,39.3148108368635,70.1571960807844,108.236385126641,152.758698933026
822,39.2116109300216,70.0353348715254,108.133609680493,152.636409754934
823,39.1083447390039,69.9133370717061,108.030793184126,152.513958748383
824,39.005012337784,69.7912028544193,107.927935693052,152.391346104923
825,38.9016137998378,69.6689323934784,107.825037261514,152.268572017598
826,38.7981491986655,69.5465258628936,107.722097943493,152.145636679931
827,38.6946186074304,69.4239834372343,107.61911779202,152.022540286625
828,38.5910220993131,69.3013052912736,107.516096859847,151.899283032874
829,38.4873597471418,69.1784916003581,107.413035198751,151.775865115076
830,38.3836316238571,69.0555425399432,107.309932860411,151.652286729943
831,38.2798378016875,68.9324582864164,107.850249425583,150.885088545331
832,38.1759783531985,68.809239016049,107.746494609972,150.76176109437
833,38.0720533507846,68.6858849055028,107.642693286299,150.638279753393
834,37.9680628662331,68.562396132267,107.538845517973,150.514644708261
835,37.8640069715637,68.4387728738178,107.434951368655,150.39085614481
836,37.7598857384437,68.3150153082027,107.331010901226,150.266914249866
837,37.6556992382838,68.1911236139448,107.227024177969,150.14281921108
838,37.55144754282,68.0670979694607,107.122991261569,150.018571215917
839,37.4471307229319,67.9429385542417,107.018912213071,149.894170453698
840,37.3427488498214,67.8186455476746,106.914787093914,149.769617113569
841,37.2383019942671,67.6942191297881,106.81061596465,149.644911385785
842,37.1337902268901,67.569659480985,106.706398885395,149.520053461249
843,37.0292136185528,67.4449667816445,106.602135916524,149.395043530825
844,36.9245722393727,67.3201412131079,106.497827116966,149.26988178704
845,36.8198661596446,67.1951829567555,106.393472545791,149.144568422496
846,36.715095449362,67.0700921944857,106.289072261395,149.019103630686
847,36.610260339941,66.9448689469899,106.184626600908,148.893487326586
848,36.5053605821292,66.8195137158447,106.080135070885,148.767720255961
849,36.4003964031768,66.6940265263391,105.975598000883,148.641802341791
850,36.2953678722984,66.5684075620131,105.87101544731,148.515733780419
851,36.1902750588608,66.4426570064697,105.766387466678,148.389514768301
852,36.085118031787,66.3167750439705,105.661714114568,148.263145503037
853,35.9798968601045,66.1907618588869,105.556995446589,148.136626182415
854,35.8746116125148,66.0646176361308,105.452231517623,148.009957005164
855,35.7692623576591,65.9383425608882,105.347422382289,147.883138170489
856,35.6638491638618,65.8119368188752,105.242568094497,147.756169878518
857,35.5583720996017,65.6854005958676,105.137668708267,147.629052329482
858,35.4528312329254,65.5587340782859,105.032724276715,147.501785724732
859,35.3472266316683,65.431937452975,104.927734852428,147.374370266356
860,35.2415583637768,65.3050109068812,104.82270048803,147.246806156622
861,35.1358264968656,65.1779546274946,104.71762123541,147.119093598743
862,35.0300310983363,65.0507688027305,104.612497145933,146.991232796668
863,34.9241722357306,64.9234536205762,104.507328271044,146.863223954479
864,34.8182499761859,64.7960092696342,104.402114661332,146.735067277325
865,34.7122643866494,64.6684359389085,104.296856366902,146.606762971048
866,34.6062155341211,64.540733817561,104.191553437788,146.478311241776
867,34.5001034851904,64.4129030953753,104.086205923157,146.34971229671
868,34.393928306578,64.2849439622135,103.980813872248,146.220966343194
869,34.287690064684,64.1568566084684,103.875377333585,146.092073589493
870,34.1813888257911,64.0286412248603,103.76989635533,145.963034244446
871,34.0750246559848,63.9002980025156,103.664370985154,145.833848517594
872,33.9685976214062,63.7718271327148,103.558801270659,145.70451661875
873,33.8621077876757,63.6432288074676,103.453187258394,145.575038758997
874,33.7555552206094,63.5145032187968,103.347528995086,145.445415149443
875,33.648939985797,63.3856505591598,103.241826526919,145.315646001949
876,33.5422621485637,63.2566710214868,103.136079899459,145.185731529202
877,33.4355217741891,63.127564798961,103.030289158039,145.055671944331
878,33.3287189277859,62.9983320851402,102.924454347546,144.925467461116
879,33.2218536743471,62.8689730739091,102.818575512506,144.795118293908
880,33.1149260786943,62.7394879595305,102.71265269699,144.664624657718
881,33.0079362054974,62.609876936626,102.606685944653,144.53398676818
882,32.9008841192996,62.4801402001498,102.500675298779,144.403204841507
883,32.79376988448,62.3502779454261,102.394620802204,144.272279094562
884,32.6865935654429,62.2202903679603,102.288522497665,144.141209744518
885,32.5793552261758,62.0901776638796,102.182380427013,144.009997009636
886,32.4720549305668,61.9599400296157,102.076194631779,143.878641108703
887,32.3646927427346,61.8295776615753,101.969965153737,143.747142260469
888,32.2572687261943,61.6990907569724,101.863692033462,143.615500685087
889,32.1497829446738,61.5684795130133,101.757375311747,143.483716602694
890,32.0422354613661,61.4377441276428,101.6510150283,143.351790234721
891,31.9346263398802,61.3068847985938,101.544611223404,143.219721802222
892,31.826955643143,61.1759017244844,101.438163936004,143.0875115278
893,31.719223434349,61.0447951038687,101.331673205355,142.955159633942
894,31.6114297763155,60.9135651358805,101.225139069912,142.822666344146
895,31.5035747318419,60.7822120198745,101.11856156794,142.690031882298
896,31.3956583635817,60.6507359555533,101.011940737307,142.557256472886
897,31.2876807340496,60.5191371429607,100.905276615485,142.424340340993
898,31.1796419057029,60.3874157823993,100.798569239698,142.291283712154
899,31.0715419405529,60.2555720748194,100.691818646244,142.158086813032
900,30.9633809010466,60.1236062209368,100.585024872032,142.02474986988
901,30.8551588490157,59.9915184222832,100.478187952748,141.891273110372
902,30.7468758463187,59.8593088805644,100.371307923979,141.757656762486
903,30.6385319547946,59.7269777977059,100.264384821127,141.623901054582
904,30.5301272359695,59.5945253761462,100.157418678904,141.490006215911
905,30.4216617514263,59.4619518184665,100.050409531972,141.355972475974
906,30.3131355625096,59.329257327686,99.9433574144313,141.221800065034
907,30.2045487304878,59.1964421070992,99.8362623601023,141.087489213832
908,30.0959013164798,59.0635063603489,99.7291244024,140.953040153714
909,29.987193381467,58.930450291414,99.6219435743495,140.818453116612
910,29.878424986451,58.7972741044515,99.5147199088721,140.683728334765
911,29.7695961920774,58.6639780041723,99.4074534381156,140.548866041379
912,29.6607070591321,58.5305621953448,99.3001441943333,140.413866469754
913,29.5517576480663,58.3970268832696,99.1927922090467,140.27872985412
914,29.4427480193014,58.2633722734738,99.0853975135844,140.143456429095
915,29.3336782332055,58.1295985717353,98.9779601390361,140.008046429735
916,29.2245483499527,57.9957059842218,98.8704801160086,139.872500091774
917,29.1153584295217,57.8616947174933,98.7629574746251,139.736817651625
918,29.006108532107,57.7275649780894,98.6553922452457,139.600999345664
919,28.8967987173755,57.5933169732732,98.5477844571634,139.465045411525
920,28.7874290451331,57.4589509103645,98.4401341397732,139.328956086939
921,28.6779995748959,57.3244669971671,98.3324413218243,139.192731610475
922,28.5685103664205,57.18986544144,98.2247060323434,139.056372220622
923,28.4589614789694,57.0551464516302,98.1169282993546,138.919878157064
924,28.3493529718261,56.9203102363582,98.009108150774,138.783249659789
925,28.2396849043077,56.7853570044046,97.9012456144431,138.646486969051
926,28.1299573354737,56.6502869650013,97.7933407176097,138.509590325895
927,28.0201703241538,56.5151003278033,97.6853934869814,138.372559972096
928,27.9103239294189,56.3797973024173,97.577403949549,138.23539614934
929,27.800418209954,56.2443780990287,97.4693721314919,138.098099100318
930,27.6904532245248,56.1088429279348,97.3612980589915,137.960669067912
931,27.5804290316225,55.9731919998991,97.2531817576116,137.823106295811
932,27.4703456897996,55.837425525816,97.1450232528881,137.685411027927
933,27.3602032572897,55.7015437170904,97.0368225696573,137.54758350906
934,27.2500017924556,55.5655467851888,96.9285797328529,137.409623984106
935,27.1397413535525,55.4294349418767,96.8202947670821,137.271532698478
936,27.029421998575,55.2932083993705,96.7119676963573,137.133309898375
937,26.919043785476,55.1568673701189,96.6035985444868,136.994955830389
938,26.8086067722393,55.0204120667296,96.4951873351985,136.856470741384
939,26.698111016525,54.8838427023239,96.3867340915179,136.717854879115
940,26.5875565761634,54.7471594900422,96.2782388366379,136.57910849136
941,26.4769435087042,54.6103626434948,96.1697015931245,136.440231826713
942,26.3662718717274,54.4734523764504,96.0611223834665,136.301225134033
943,26.2555417225619,54.3364289031176,95.9525012295796,136.162088662943
944,26.1447531185177,54.1992924379119,95.8438381532129,136.022822663417
945,26.0339061170272,54.0620431953147,95.7351331762045,135.883427385533
946,25.9230007749851,53.9246813905325,95.6263863193127,135.743903080633
947,25.8120371496588,53.7872072385865,95.5175976038244,135.604249999718
948,25.7010152980691,53.6496209549317,95.4087670504634,135.464468394541
949,25.5899352768725,53.511922755574,95.2998946791808,135.324558517813
950,25.4787971430394,53.3741128563923,95.1909805103573,135.184520622002
951,25.3676009533002,53.2361914736911,95.0820245638199,135.044354960317
952,25.2563467643054,53.098158824041,94.9730268591272,134.90406178642
953,25.1450346326209,52.9600151242829,94.8639874155639,134.763641354434
954,25.0336646146375,52.8217605916177,94.7549062519795,134.6230939191
955,24.9222367669374,52.6833954432401,94.6457833874351,134.482419735136
956,24.810751145656,52.5449198969764,94.5366188400796,134.341619058354
957,24.6992078072063,52.4063341705595,94.4274126284253,134.200692144387
958,24.5876068076096,52.267638482298,94.3181647701688,134.05963924987
959,24.47594820308,52.1288330504918,94.2088752832278,133.918460631399
960,24.3642320495696,51.9899180938861,94.0995441849308,133.777156546343
961,24.2524584031054,51.8508938313341,93.9901714926137,133.635727252248
962,24.1406273194324,51.7117604821543,93.8807572229967,133.494173007456
963,24.0287388544336,51.5725182657095,93.7713013929223,133.352494070372
964,23.9167930637961,51.4331674017409,93.6618040187617,133.210690700052
965,23.8047900033602,51.2937081100181,93.5522651170385,133.068763155585
966,23.6927297284536,51.1541406110055,93.4426847032511,132.926711697265
967,23.5806122946858,51.0144651250667,93.3330627932749,132.784536585188
968,23.4684377575982,50.8746818728142,93.2233994027479,132.642238079873
969,23.3562064353457,50.7347908124283,93.1136950108528,132.499815978472
970,23.2439178646156,50.5947926837372,93.0039487169812,132.35727145811
971,23.1315723566347,50.4546874522095,92.8941609877784,132.214604328837
972,23.0191699666495,50.3144753394742,92.7843318378908,132.071814852884
973,22.906710749684,50.1741565675622,92.67446128145,131.928903293174
974,22.7941947610375,50.0337313584085,92.5645493329616,131.785869912438
975,22.6816220555111,49.893199934625,92.4545960059341,131.64271497458
976,22.5689926881156,49.7525625187927,92.3446013141308,131.49943874343
977,22.456306713828,49.6118193337048,92.2345652711401,131.35604148317
978,22.3435641874279,49.4709706025296,92.1244878900887,131.212523458623
979,22.2307651636635,49.3300165486449,92.0143691839331,131.068884934959
980,22.1179096973995,49.1889573954892,91.9042091657253,130.925126177431
981,22.0049978431505,49.047793367028,91.7940078477803,130.781247452204
982,21.8920296555172,48.9065246873181,91.6837652424594,130.637249025575
983,21.7790051893116,48.7651515803809,91.5734813623811,130.493131163761
984,21.665924498814,48.6236742709458,91.4631562191166,130.348894134202
985,21.5527876385622,48.482092983661,91.3527898245775,130.204538204172
986,21.4395946630056,48.3404079434381,91.2423821904137,130.060063641385
987,21.3263456264889,48.198619375469,91.1319333279767,129.915470714026
988,21.2130405833416,48.0567275051358,91.0214432484854,129.770759690589
989,21.0996795878382,47.9147325580502,90.91091196295,129.625930839952
990,20.986262694181,47.7726347600701,90.800339482145,129.480984431402
991,20.8727899565648,47.6304343372356,90.6897258167291,129.335920734516
992,20.7592614291789,47.4881315157655,90.5790709772389,129.190740019167
993,20.6456771660541,47.3457265222105,90.4683749738247,129.045442555789
994,20.532037221287,47.2032195832291,90.3576378166515,128.900028614971
995,20.4183416489025,47.060610925724,90.2468595156507,128.754498467712
996,20.3045905028546,46.9179007768413,90.1360400805175,128.608852385418
997,20.1907838371322,46.7750893638644,90.0251795209148,128.463090639701
998,20.0769217055741,46.6321769143986,89.9142778461283,128.31721350272
999,19.963004162111,46.4891636561291,89.8033350655067,128.171221246744
1000,19.8490312604903,46.3460498170956,89.69235118797,128.025114144642
